run_id,conductivity,index,timestamp
JUL_22_1,56.17,0,2025-07-22 13:21:01
JUL_22_1,56.17,1,2025-07-22 13:21:03
JUL_22_1,56.39,2,2025-07-22 13:21:05
JUL_22_1,56.32,3,2025-07-22 13:21:07
JUL_22_1,56.39,4,2025-07-22 13:21:09
JUL_22_1,56.24,5,2025-07-22 13:21:11
JUL_22_1,56.24,6,2025-07-22 13:21:13
JUL_22_1,56.24,7,2025-07-22 13:21:15
JUL_22_1,56.24,8,2025-07-22 13:21:17
JUL_22_1,56.1,9,2025-07-22 13:21:19
JUL_22_1,56.1,10,2025-07-22 13:21:21
JUL_22_1,56.32,11,2025-07-22 13:21:23
JUL_22_1,56.32,12,2025-07-22 13:21:25
JUL_22_1,56.32,13,2025-07-22 13:21:27
JUL_22_1,56.17,14,2025-07-22 13:21:29
JUL_22_1,56.17,15,2025-07-22 13:21:31
JUL_22_1,56.17,16,2025-07-22 13:21:33
JUL_22_1,56.17,17,2025-07-22 13:21:35
JUL_22_1,56.17,18,2025-07-22 13:21:37
JUL_22_1,56.32,19,2025-07-22 13:21:39
JUL_22_1,56.32,20,2025-07-22 13:21:41
JUL_22_1,56.32,21,2025-07-22 13:21:43
JUL_22_1,56.17,22,2025-07-22 13:21:45
JUL_22_1,56.17,23,2025-07-22 13:21:47
JUL_22_1,56.17,24,2025-07-22 13:21:49
JUL_22_1,56.17,25,2025-07-22 13:21:51
JUL_22_1,56.32,26,2025-07-22 13:21:53
JUL_22_1,56.32,27,2025-07-22 13:21:55
JUL_22_1,56.32,28,2025-07-22 13:21:57
JUL_22_1,56.24,29,2025-07-22 13:21:59
JUL_22_1,56.24,30,2025-07-22 13:22:01
JUL_22_1,56.11,31,2025-07-22 13:22:03
JUL_22_1,56.11,32,2025-07-22 13:22:05
JUL_22_1,56.1,33,2025-07-22 13:22:07
JUL_22_1,56.1,34,2025-07-22 13:22:09
JUL_22_1,56.1,35,2025-07-22 13:22:11
JUL_22_1,56.1,36,2025-07-22 13:22:13
JUL_22_1,56.1,37,2025-07-22 13:22:15
JUL_22_1,56.1,38,2025-07-22 13:22:17
JUL_22_1,56.24,39,2025-07-22 13:22:19
JUL_22_1,56.24,40,2025-07-22 13:22:21
JUL_22_1,56.24,41,2025-07-22 13:22:23
JUL_22_1,56.24,42,2025-07-22 13:22:25
JUL_22_1,56.1,43,2025-07-22 13:22:27
JUL_22_1,56.24,44,2025-07-22 13:22:29
JUL_22_1,56.1,45,2025-07-22 13:22:31
JUL_22_1,56.24,46,2025-07-22 13:22:33
JUL_22_1,56.32,47,2025-07-22 13:22:35
JUL_22_1,56.24,48,2025-07-22 13:22:37
JUL_22_1,56.24,49,2025-07-22 13:22:39
JUL_22_1,56.24,50,2025-07-22 13:22:41
JUL_22_1,56.1,51,2025-07-22 13:22:43
JUL_22_1,56.17,52,2025-07-22 13:22:45
JUL_22_1,56.1,53,2025-07-22 13:22:47
JUL_22_1,56.17,54,2025-07-22 13:22:49
JUL_22_1,56.32,55,2025-07-22 13:22:51
JUL_22_1,56.24,56,2025-07-22 13:22:53
JUL_22_1,56.32,57,2025-07-22 13:22:55
JUL_22_1,56.24,58,2025-07-22 13:22:57
JUL_22_1,56.17,59,2025-07-22 13:22:59
JUL_22_1,56.17,60,2025-07-22 13:23:01
JUL_22_1,56.17,61,2025-07-22 13:23:03
JUL_22_1,56.32,62,2025-07-22 13:23:05
JUL_22_1,56.22,63,2025-07-22 13:23:07
JUL_22_1,56.32,64,2025-07-22 13:23:09
JUL_22_1,56.32,65,2025-07-22 13:23:11
JUL_22_1,56.02,66,2025-07-22 13:23:13
JUL_22_1,56.32,67,2025-07-22 13:23:15
JUL_22_1,56.24,68,2025-07-22 13:23:17
JUL_22_1,56.17,69,2025-07-22 13:23:19
JUL_22_1,56.24,70,2025-07-22 13:23:22
JUL_22_1,56.17,71,2025-07-22 13:23:23
JUL_22_1,56.17,72,2025-07-22 13:23:25
JUL_22_1,56.17,73,2025-07-22 13:23:27
JUL_22_1,56.17,74,2025-07-22 13:23:29
JUL_22_1,56.17,75,2025-07-22 13:23:31
JUL_22_1,56.1,76,2025-07-22 13:23:33
JUL_22_1,56.1,77,2025-07-22 13:23:35
JUL_22_1,56.03,78,2025-07-22 13:23:37
JUL_22_1,56.24,79,2025-07-22 13:23:39
JUL_22_1,56.24,80,2025-07-22 13:23:41
JUL_22_1,56.24,81,2025-07-22 13:23:44
JUL_22_1,56.17,82,2025-07-22 13:23:45
JUL_22_1,56.17,83,2025-07-22 13:23:47
JUL_22_1,56.39,84,2025-07-22 13:23:50
JUL_22_1,56.17,85,2025-07-22 13:23:51
JUL_22_1,56.32,86,2025-07-22 13:23:54
JUL_22_1,56.24,87,2025-07-22 13:23:55
JUL_22_1,56.24,88,2025-07-22 13:23:58
JUL_22_1,56.24,89,2025-07-22 13:24:00
JUL_22_1,56.24,90,2025-07-22 13:24:01
JUL_22_1,56.24,91,2025-07-22 13:24:04
JUL_22_1,56.1,92,2025-07-22 13:24:05
JUL_22_1,56.1,93,2025-07-22 13:24:08
JUL_22_1,56.1,94,2025-07-22 13:24:09
JUL_22_1,56.16,95,2025-07-22 13:24:12
JUL_22_1,56.17,96,2025-07-22 13:24:13
JUL_22_1,56.27,97,2025-07-22 13:24:15
JUL_22_1,56.32,98,2025-07-22 13:24:17
JUL_22_1,56.32,99,2025-07-22 13:24:19
JUL_22_1,56.32,100,2025-07-22 13:24:22
JUL_22_1,56.32,101,2025-07-22 13:24:24
JUL_22_1,56.32,102,2025-07-22 13:24:25
JUL_22_1,56.32,103,2025-07-22 13:24:28
JUL_22_1,56.38,104,2025-07-22 13:24:30
JUL_22_1,56.1,105,2025-07-22 13:24:32
JUL_22_1,56.1,106,2025-07-22 13:24:34
JUL_22_1,56.1,107,2025-07-22 13:24:35
JUL_22_1,56.13,108,2025-07-22 13:24:38
JUL_22_1,56.17,109,2025-07-22 13:24:40
JUL_22_1,56.17,110,2025-07-22 13:24:42
JUL_22_1,56.17,111,2025-07-22 13:24:43
JUL_22_1,56.1,112,2025-07-22 13:24:45
JUL_22_1,56.17,113,2025-07-22 13:24:48
JUL_22_1,56.1,114,2025-07-22 13:24:50
JUL_22_1,56.1,115,2025-07-22 13:24:52
JUL_22_1,56.1,116,2025-07-22 13:24:54
JUL_22_1,56.1,117,2025-07-22 13:24:55
JUL_22_1,56.24,118,2025-07-22 13:24:58
JUL_22_1,56.24,119,2025-07-22 13:25:00
JUL_22_1,56.38,120,2025-07-22 13:25:02
JUL_22_1,56.38,121,2025-07-22 13:25:03
JUL_22_1,56.1,122,2025-07-22 13:25:05
JUL_22_1,56.28,123,2025-07-22 13:25:08
JUL_22_1,56.03,124,2025-07-22 13:25:09
JUL_22_1,56.1,125,2025-07-22 13:25:12
JUL_22_1,56.24,126,2025-07-22 13:25:14
JUL_22_1,56.17,127,2025-07-22 13:25:15
JUL_22_1,56.24,128,2025-07-22 13:25:17
JUL_22_1,56.17,129,2025-07-22 13:25:20
JUL_22_1,56.17,130,2025-07-22 13:25:22
JUL_22_1,56.17,131,2025-07-22 13:25:24
JUL_22_1,56.17,132,2025-07-22 13:25:26
JUL_22_1,56.17,133,2025-07-22 13:25:28
JUL_22_1,56.17,134,2025-07-22 13:25:30
JUL_22_1,56.24,135,2025-07-22 13:25:32
JUL_22_1,56.17,136,2025-07-22 13:25:34
JUL_22_1,56.17,137,2025-07-22 13:25:36
JUL_22_1,56.17,138,2025-07-22 13:25:38
JUL_22_1,56.17,139,2025-07-22 13:25:40
JUL_22_1,56.17,140,2025-07-22 13:25:42
JUL_22_1,56.17,141,2025-07-22 13:25:45
JUL_22_1,56.38,142,2025-07-22 13:25:46
JUL_22_1,56.03,143,2025-07-22 13:25:48
JUL_22_1,56.1,144,2025-07-22 13:25:50
JUL_22_1,56.39,145,2025-07-22 13:25:52
JUL_22_1,56.1,146,2025-07-22 13:25:54
JUL_22_1,56.1,147,2025-07-22 13:25:56
JUL_22_1,56.24,148,2025-07-22 13:25:58
JUL_22_1,56.24,149,2025-07-22 13:26:00
JUL_22_1,56.03,150,2025-07-22 13:26:02
JUL_22_1,56.24,151,2025-07-22 13:26:04
JUL_22_1,56.24,152,2025-07-22 13:26:06
JUL_22_1,56.03,153,2025-07-22 13:26:08
JUL_22_1,56.24,154,2025-07-22 13:26:10
JUL_22_1,56.17,155,2025-07-22 13:26:12
JUL_22_1,56.17,156,2025-07-22 13:26:14
JUL_22_1,56.17,157,2025-07-22 13:26:16
JUL_22_1,55.95,158,2025-07-22 13:26:18
JUL_22_1,56.17,159,2025-07-22 13:26:20
JUL_22_1,56.32,160,2025-07-22 13:26:22
JUL_22_1,56.32,161,2025-07-22 13:26:24
JUL_22_1,56.32,162,2025-07-22 13:26:26
JUL_22_1,56.17,163,2025-07-22 13:26:28
JUL_22_1,55.95,164,2025-07-22 13:26:30
JUL_22_1,56.03,165,2025-07-22 13:26:32
JUL_22_1,56.03,166,2025-07-22 13:26:34
JUL_22_1,56.17,167,2025-07-22 13:26:36
JUL_22_1,56.17,168,2025-07-22 13:26:38
JUL_22_1,56.17,169,2025-07-22 13:26:40
JUL_22_1,56.1,170,2025-07-22 13:26:42
JUL_22_1,56.1,171,2025-07-22 13:26:44
JUL_22_1,56.03,172,2025-07-22 13:26:46
JUL_22_1,56.1,173,2025-07-22 13:26:48
JUL_22_1,56.1,174,2025-07-22 13:26:50
JUL_22_1,56.03,175,2025-07-22 13:26:52
JUL_22_1,56.03,176,2025-07-22 13:26:54
JUL_22_1,55.95,177,2025-07-22 13:26:56
JUL_22_1,55.95,178,2025-07-22 13:26:58
JUL_22_1,56.24,179,2025-07-22 13:27:00
JUL_22_1,56.17,180,2025-07-22 13:27:02
JUL_22_1,56.24,181,2025-07-22 13:27:04
JUL_22_1,56.17,182,2025-07-22 13:27:06
JUL_22_1,56.17,183,2025-07-22 13:27:08
JUL_22_1,56.24,184,2025-07-22 13:27:10
JUL_22_1,56.24,185,2025-07-22 13:27:12
JUL_22_1,56.24,186,2025-07-22 13:27:14
JUL_22_1,56.25,187,2025-07-22 13:27:16
JUL_22_1,56.1,188,2025-07-22 13:27:18
JUL_22_1,56.32,189,2025-07-22 13:27:20
JUL_22_1,56.17,190,2025-07-22 13:27:22
JUL_22_1,56.17,191,2025-07-22 13:27:24
JUL_22_1,56.32,192,2025-07-22 13:27:26
JUL_22_1,56.17,193,2025-07-22 13:27:28
JUL_22_1,56.03,194,2025-07-22 13:27:30
JUL_22_1,56.32,195,2025-07-22 13:27:32
JUL_22_1,56.03,196,2025-07-22 13:27:34
JUL_22_1,56.03,197,2025-07-22 13:27:36
JUL_22_1,56.17,198,2025-07-22 13:27:38
JUL_22_1,56.17,199,2025-07-22 13:27:40
JUL_22_1,56.17,200,2025-07-22 13:27:42
JUL_22_1,56.17,201,2025-07-22 13:27:44
JUL_22_1,56.17,202,2025-07-22 13:27:46
JUL_22_1,56.17,203,2025-07-22 13:27:48
JUL_22_1,56.17,204,2025-07-22 13:27:50
JUL_22_1,56.1,205,2025-07-22 13:27:52
JUL_22_1,56.1,206,2025-07-22 13:27:54
JUL_22_1,56.03,207,2025-07-22 13:27:56
JUL_22_1,56.03,208,2025-07-22 13:27:58
JUL_22_1,56.32,209,2025-07-22 13:28:00
JUL_22_1,56.24,210,2025-07-22 13:28:02
JUL_22_1,56.24,211,2025-07-22 13:28:04
JUL_22_1,56.24,212,2025-07-22 13:28:06
JUL_22_1,56.24,213,2025-07-22 13:28:08
JUL_22_1,56.17,214,2025-07-22 13:28:10
JUL_22_1,56.17,215,2025-07-22 13:28:12
JUL_22_1,56.32,216,2025-07-22 13:28:14
JUL_22_1,56.27,217,2025-07-22 13:28:16
JUL_22_1,56.17,218,2025-07-22 13:28:18
JUL_22_1,56.17,219,2025-07-22 13:28:20
JUL_22_1,56.17,220,2025-07-22 13:28:22
JUL_22_1,56.1,221,2025-07-22 13:28:24
JUL_22_1,56.1,222,2025-07-22 13:28:26
JUL_22_1,56.32,223,2025-07-22 13:28:28
JUL_22_1,56.32,224,2025-07-22 13:28:30
JUL_22_1,56.11,225,2025-07-22 13:28:32
JUL_22_1,56.1,226,2025-07-22 13:28:34
JUL_22_1,56.1,227,2025-07-22 13:28:36
JUL_22_1,56.1,228,2025-07-22 13:28:38
JUL_22_1,56.1,229,2025-07-22 13:28:40
JUL_22_1,56.24,230,2025-07-22 13:28:42
JUL_22_1,56.24,231,2025-07-22 13:28:44
JUL_22_1,56.17,232,2025-07-22 13:28:46
JUL_22_1,56.17,233,2025-07-22 13:28:48
JUL_22_1,56.17,234,2025-07-22 13:28:50
JUL_22_1,56.17,235,2025-07-22 13:28:53
JUL_22_1,56.1,236,2025-07-22 13:28:54
JUL_22_1,56.39,237,2025-07-22 13:28:56
JUL_22_1,56.39,238,2025-07-22 13:28:58
JUL_22_1,56.39,239,2025-07-22 13:29:00
JUL_22_1,56.39,240,2025-07-22 13:29:03
JUL_22_1,56.39,241,2025-07-22 13:29:04
JUL_22_1,56.38,242,2025-07-22 13:29:06
JUL_22_1,56.17,243,2025-07-22 13:29:08
JUL_22_1,56.24,244,2025-07-22 13:29:11
JUL_22_1,56.24,245,2025-07-22 13:29:13
JUL_22_1,56.24,246,2025-07-22 13:29:14
JUL_22_1,56.25,247,2025-07-22 13:29:16
JUL_22_1,56.24,248,2025-07-22 13:29:18
JUL_22_1,56.24,249,2025-07-22 13:29:20
JUL_22_1,56.11,250,2025-07-22 13:29:23
JUL_22_1,56.1,251,2025-07-22 13:29:24
JUL_22_1,56.32,252,2025-07-22 13:29:26
JUL_22_1,56.11,253,2025-07-22 13:29:28
JUL_22_1,56.17,254,2025-07-22 13:29:30
JUL_22_1,56.32,255,2025-07-22 13:29:33
JUL_22_1,56.25,256,2025-07-22 13:29:34
JUL_22_1,56.25,257,2025-07-22 13:29:37
JUL_22_1,56.32,258,2025-07-22 13:29:38
JUL_22_1,56.24,259,2025-07-22 13:29:41
JUL_22_1,56.03,260,2025-07-22 13:29:42
JUL_22_1,56.32,261,2025-07-22 13:29:45
JUL_22_1,56.03,262,2025-07-22 13:29:46
JUL_22_1,56.1,263,2025-07-22 13:29:49
JUL_22_1,56.24,264,2025-07-22 13:29:50
JUL_22_1,56.1,265,2025-07-22 13:29:52
JUL_22_1,56.1,266,2025-07-22 13:29:54
JUL_22_1,56.24,267,2025-07-22 13:29:56
JUL_22_1,56.03,268,2025-07-22 13:29:59
JUL_22_1,56.03,269,2025-07-22 13:30:00
JUL_22_1,56.1,270,2025-07-22 13:30:03
JUL_22_1,56.1,271,2025-07-22 13:30:05
JUL_22_1,56.1,272,2025-07-22 13:30:06
JUL_22_1,56.17,273,2025-07-22 13:30:09
JUL_22_1,56.24,274,2025-07-22 13:30:10
JUL_22_1,56.03,275,2025-07-22 13:30:13
JUL_22_1,56.24,276,2025-07-22 13:30:14
JUL_22_1,56.17,277,2025-07-22 13:30:16
JUL_22_1,56.03,278,2025-07-22 13:30:19
JUL_22_1,56.17,279,2025-07-22 13:30:21
JUL_22_1,56.1,280,2025-07-22 13:30:23
JUL_22_1,56.03,281,2025-07-22 13:30:24
JUL_22_1,56.1,282,2025-07-22 13:30:26
JUL_22_1,56.03,283,2025-07-22 13:30:29
JUL_22_1,56.1,284,2025-07-22 13:30:31
JUL_22_1,56.24,285,2025-07-22 13:30:33
JUL_22_1,56.1,286,2025-07-22 13:30:35
JUL_22_1,56.24,287,2025-07-22 13:30:36
JUL_22_1,56.32,288,2025-07-22 13:30:39
JUL_22_1,56.24,289,2025-07-22 13:30:41
JUL_22_1,56.24,290,2025-07-22 13:30:43
JUL_22_1,56.24,291,2025-07-22 13:30:44
JUL_22_1,56.17,292,2025-07-22 13:30:47
JUL_22_1,56.17,293,2025-07-22 13:30:49
JUL_22_1,56.17,294,2025-07-22 13:30:51
JUL_22_1,56.17,295,2025-07-22 13:30:53
JUL_22_1,56.11,296,2025-07-22 13:30:55
JUL_22_1,56.17,297,2025-07-22 13:30:57
JUL_22_1,56.1,298,2025-07-22 13:30:59
JUL_22_1,56.17,299,2025-07-22 13:31:01
JUL_22_1,56.17,300,2025-07-22 13:31:03
JUL_22_1,55.95,301,2025-07-22 13:31:05
JUL_22_1,56.17,302,2025-07-22 13:31:07
JUL_22_1,56.17,303,2025-07-22 13:31:09
JUL_22_1,55.95,304,2025-07-22 13:31:11
JUL_22_1,56.24,305,2025-07-22 13:31:13
JUL_22_1,56.17,306,2025-07-22 13:31:15
JUL_22_1,56.25,307,2025-07-22 13:31:17
JUL_22_1,56.24,308,2025-07-22 13:31:19
JUL_22_1,56.03,309,2025-07-22 13:31:21
JUL_22_1,56.24,310,2025-07-22 13:31:23
JUL_22_1,56.1,311,2025-07-22 13:31:25
JUL_22_1,56.17,312,2025-07-22 13:31:27
JUL_22_1,56.17,313,2025-07-22 13:31:29
JUL_22_1,56.17,314,2025-07-22 13:31:31
JUL_22_1,56.17,315,2025-07-22 13:31:33
JUL_22_1,56.17,316,2025-07-22 13:31:35
JUL_22_1,56.39,317,2025-07-22 13:31:37
JUL_22_1,56.39,318,2025-07-22 13:31:39
JUL_22_1,56.39,319,2025-07-22 13:31:41
JUL_22_1,56.39,320,2025-07-22 13:31:43
JUL_22_1,56.1,321,2025-07-22 13:31:45
JUL_22_1,56.03,322,2025-07-22 13:31:47
JUL_22_1,56.13,323,2025-07-22 13:31:49
JUL_22_1,56.11,324,2025-07-22 13:31:51
JUL_22_1,56.17,325,2025-07-22 13:31:53
JUL_22_1,56.17,326,2025-07-22 13:31:55
JUL_22_1,56.24,327,2025-07-22 13:31:57
JUL_22_1,56.24,328,2025-07-22 13:31:59
JUL_22_1,56.24,329,2025-07-22 13:32:01
JUL_22_1,56.25,330,2025-07-22 13:32:03
JUL_22_1,56.24,331,2025-07-22 13:32:05
JUL_22_1,56.25,332,2025-07-22 13:32:07
JUL_22_1,56.24,333,2025-07-22 13:32:09
JUL_22_1,56.24,334,2025-07-22 13:32:11
JUL_22_1,56.11,335,2025-07-22 13:32:13
JUL_22_1,56.1,336,2025-07-22 13:32:15
JUL_22_1,56.1,337,2025-07-22 13:32:17
JUL_22_1,56.32,338,2025-07-22 13:32:19
JUL_22_1,56.32,339,2025-07-22 13:32:21
JUL_22_1,56.32,340,2025-07-22 13:32:23
JUL_22_1,56.32,341,2025-07-22 13:32:25
JUL_22_1,56.17,342,2025-07-22 13:32:27
JUL_22_1,56.17,343,2025-07-22 13:32:29
JUL_22_1,56.1,344,2025-07-22 13:32:31
JUL_22_1,56.1,345,2025-07-22 13:32:33
JUL_22_1,56.1,346,2025-07-22 13:32:35
JUL_22_1,56.24,347,2025-07-22 13:32:37
JUL_22_1,56.24,348,2025-07-22 13:32:39
JUL_22_1,56.24,349,2025-07-22 13:32:41
JUL_22_1,56.17,350,2025-07-22 13:32:43
JUL_22_1,56.17,351,2025-07-22 13:32:45
JUL_22_1,56.17,352,2025-07-22 13:32:47
JUL_22_1,56.1,353,2025-07-22 13:32:49
JUL_22_1,56.24,354,2025-07-22 13:32:51
JUL_22_1,56.1,355,2025-07-22 13:32:53
JUL_22_1,56.25,356,2025-07-22 13:32:55
JUL_22_1,56.25,357,2025-07-22 13:32:57
JUL_22_1,56.1,358,2025-07-22 13:32:59
JUL_22_1,56.32,359,2025-07-22 13:33:01
JUL_22_1,56.1,360,2025-07-22 13:33:03
JUL_22_1,56.1,361,2025-07-22 13:33:05
JUL_22_1,56.24,362,2025-07-22 13:33:07
JUL_22_1,56.11,363,2025-07-22 13:33:09
JUL_22_1,56.24,364,2025-07-22 13:33:11
JUL_22_1,56.1,365,2025-07-22 13:33:13
JUL_22_1,56.1,366,2025-07-22 13:33:15
JUL_22_1,56.1,367,2025-07-22 13:33:17
JUL_22_1,56.1,368,2025-07-22 13:33:19
JUL_22_1,56.1,369,2025-07-22 13:33:21
JUL_22_1,56.03,370,2025-07-22 13:33:23
JUL_22_1,56.03,371,2025-07-22 13:33:25
JUL_22_1,56.1,372,2025-07-22 13:33:27
JUL_22_1,56.03,373,2025-07-22 13:33:29
JUL_22_1,56.11,374,2025-07-22 13:33:31
JUL_22_1,56.1,375,2025-07-22 13:33:33
JUL_22_1,56.24,376,2025-07-22 13:33:35
JUL_22_1,56.24,377,2025-07-22 13:33:37
JUL_22_1,56.24,378,2025-07-22 13:33:39
JUL_22_1,56.24,379,2025-07-22 13:33:41
JUL_22_1,56.11,380,2025-07-22 13:33:43
JUL_22_1,56.1,381,2025-07-22 13:33:45
JUL_22_1,56.24,382,2025-07-22 13:33:47
JUL_22_1,56.17,383,2025-07-22 13:33:49
JUL_22_1,56.24,384,2025-07-22 13:33:51
JUL_22_1,56.17,385,2025-07-22 13:33:54
JUL_22_1,56.17,386,2025-07-22 13:33:55
JUL_22_1,56.17,387,2025-07-22 13:33:57
JUL_22_1,56.17,388,2025-07-22 13:33:59
JUL_22_1,56.17,389,2025-07-22 13:34:02
JUL_22_1,56.1,390,2025-07-22 13:34:03
JUL_22_1,56.1,391,2025-07-22 13:34:05
JUL_22_1,56.11,392,2025-07-22 13:34:08
JUL_22_1,56.24,393,2025-07-22 13:34:10
JUL_22_1,56.24,394,2025-07-22 13:34:12
JUL_22_1,56.1,395,2025-07-22 13:34:13
JUL_22_1,56.1,396,2025-07-22 13:34:15
JUL_22_1,56.03,397,2025-07-22 13:34:18
JUL_22_1,56.1,398,2025-07-22 13:34:19
JUL_22_1,56.24,399,2025-07-22 13:34:21
JUL_22_1,56.24,400,2025-07-22 13:34:24
JUL_22_1,56.24,401,2025-07-22 13:34:25
JUL_22_1,56.17,402,2025-07-22 13:34:27
JUL_22_1,56.17,403,2025-07-22 13:34:30
JUL_22_1,56.17,404,2025-07-22 13:34:32
JUL_22_1,56.17,405,2025-07-22 13:34:33
JUL_22_1,56.24,406,2025-07-22 13:34:35
JUL_22_1,56.24,407,2025-07-22 13:34:37
JUL_22_1,56.24,408,2025-07-22 13:34:40
JUL_22_1,56.24,409,2025-07-22 13:34:42
JUL_22_1,56.24,410,2025-07-22 13:34:44
JUL_22_1,56.24,411,2025-07-22 13:34:45
JUL_22_1,56.1,412,2025-07-22 13:34:47
JUL_22_1,56.24,413,2025-07-22 13:34:50
JUL_22_1,56.1,414,2025-07-22 13:34:52
JUL_22_1,56.1,415,2025-07-22 13:34:54
JUL_22_1,56.03,416,2025-07-22 13:34:55
JUL_22_1,55.95,417,2025-07-22 13:34:58
JUL_22_1,56.08,418,2025-07-22 13:34:59
JUL_22_1,56.03,419,2025-07-22 13:35:02
JUL_22_1,56.1,420,2025-07-22 13:35:04
JUL_22_1,56.32,421,2025-07-22 13:35:06
JUL_22_1,56.24,422,2025-07-22 13:35:08
JUL_22_1,56.32,423,2025-07-22 13:35:10
JUL_22_1,56.24,424,2025-07-22 13:35:12
JUL_22_1,56.1,425,2025-07-22 13:35:14
JUL_22_1,56.1,426,2025-07-22 13:35:16
JUL_22_1,56.03,427,2025-07-22 13:35:18
JUL_22_1,56.1,428,2025-07-22 13:35:20
JUL_22_1,56.08,429,2025-07-22 13:35:22
JUL_22_1,56.11,430,2025-07-22 13:35:24
JUL_22_1,56.1,431,2025-07-22 13:35:26
JUL_22_1,56.03,432,2025-07-22 13:35:28
JUL_22_1,55.95,433,2025-07-22 13:35:30
JUL_22_1,55.95,434,2025-07-22 13:35:32
JUL_22_1,56.03,435,2025-07-22 13:35:34
JUL_22_1,56.03,436,2025-07-22 13:35:36
JUL_22_1,56.24,437,2025-07-22 13:35:38
JUL_22_1,56.24,438,2025-07-22 13:35:40
JUL_22_1,56.24,439,2025-07-22 13:35:42
JUL_22_1,56.32,440,2025-07-22 13:35:44
JUL_22_1,56.24,441,2025-07-22 13:35:46
JUL_22_1,56.32,442,2025-07-22 13:35:48
JUL_22_1,56.24,443,2025-07-22 13:35:50
JUL_22_1,56.25,444,2025-07-22 13:35:52
JUL_22_1,56.17,445,2025-07-22 13:35:54
JUL_22_1,56.1,446,2025-07-22 13:35:56
JUL_22_1,56.17,447,2025-07-22 13:35:58
JUL_22_1,56.17,448,2025-07-22 13:36:00
JUL_22_1,56.32,449,2025-07-22 13:36:02
JUL_22_1,56.32,450,2025-07-22 13:36:04
JUL_22_1,56.32,451,2025-07-22 13:36:06
JUL_22_1,56.32,452,2025-07-22 13:36:08
JUL_22_1,56.32,453,2025-07-22 13:36:10
JUL_22_1,56.1,454,2025-07-22 13:36:12
JUL_22_1,56.32,455,2025-07-22 13:36:14
JUL_22_1,56.32,456,2025-07-22 13:36:16
JUL_22_1,56.17,457,2025-07-22 13:36:18
JUL_22_1,56.17,458,2025-07-22 13:36:20
JUL_22_1,56.17,459,2025-07-22 13:36:22
JUL_22_1,56.17,460,2025-07-22 13:36:24
JUL_22_1,56.17,461,2025-07-22 13:36:26
JUL_22_1,56.24,462,2025-07-22 13:36:28
JUL_22_1,56.1,463,2025-07-22 13:36:30
JUL_22_1,56.1,464,2025-07-22 13:36:32
JUL_22_1,56.17,465,2025-07-22 13:36:34
JUL_22_1,56.17,466,2025-07-22 13:36:36
JUL_22_1,56.17,467,2025-07-22 13:36:38
JUL_22_1,56.17,468,2025-07-22 13:36:40
JUL_22_1,56.24,469,2025-07-22 13:36:42
JUL_22_1,56.1,470,2025-07-22 13:36:44
JUL_22_1,56.03,471,2025-07-22 13:36:46
JUL_22_1,56.17,472,2025-07-22 13:36:48
JUL_22_1,56.17,473,2025-07-22 13:36:50
JUL_22_1,56.1,474,2025-07-22 13:36:52
JUL_22_1,56.1,475,2025-07-22 13:36:54
JUL_22_1,56.11,476,2025-07-22 13:36:56
JUL_22_1,56.1,477,2025-07-22 13:36:58
JUL_22_1,56.1,478,2025-07-22 13:37:00
JUL_22_1,56.24,479,2025-07-22 13:37:02
JUL_22_1,56.24,480,2025-07-22 13:37:04
JUL_22_1,56.17,481,2025-07-22 13:37:06
JUL_22_1,56.24,482,2025-07-22 13:37:08
JUL_22_1,56.24,483,2025-07-22 13:37:10
JUL_22_1,56.24,484,2025-07-22 13:37:12
JUL_22_1,56.24,485,2025-07-22 13:37:14
JUL_22_1,56.24,486,2025-07-22 13:37:16
JUL_22_1,56.17,487,2025-07-22 13:37:18
JUL_22_1,56.1,488,2025-07-22 13:37:20
JUL_22_1,56.17,489,2025-07-22 13:37:22
JUL_22_1,56.11,490,2025-07-22 13:37:24
JUL_22_1,56.1,491,2025-07-22 13:37:26
JUL_22_1,56.1,492,2025-07-22 13:37:28
JUL_22_1,56.1,493,2025-07-22 13:37:30
JUL_22_1,56.03,494,2025-07-22 13:37:32
JUL_22_1,56.11,495,2025-07-22 13:37:34
JUL_22_1,56.32,496,2025-07-22 13:37:36
JUL_22_2,56.03,497,2025-07-22 13:45:27
JUL_22_2,56.03,498,2025-07-22 13:45:29
JUL_22_2,56.03,499,2025-07-22 13:45:31
JUL_22_2,56.03,500,2025-07-22 13:45:33
JUL_22_2,55.83,501,2025-07-22 13:45:35
JUL_22_2,56.25,502,2025-07-22 13:45:37
JUL_22_2,56.24,503,2025-07-22 13:45:40
JUL_22_2,56.03,504,2025-07-22 13:45:41
JUL_22_2,56.19,505,2025-07-22 13:45:43
JUL_22_2,56.24,506,2025-07-22 13:45:45
JUL_22_2,56.24,507,2025-07-22 13:45:47
JUL_22_2,56.24,508,2025-07-22 13:45:50
JUL_22_2,56.32,509,2025-07-22 13:45:52
JUL_22_2,56.32,510,2025-07-22 13:45:54
JUL_22_2,56.17,511,2025-07-22 13:45:55
JUL_22_2,56.17,512,2025-07-22 13:45:57
JUL_22_2,56.17,513,2025-07-22 13:45:59
JUL_22_2,56.17,514,2025-07-22 13:46:01
JUL_22_2,56.17,515,2025-07-22 13:46:03
JUL_22_2,56.28,516,2025-07-22 13:46:05
JUL_22_2,56.24,517,2025-07-22 13:46:07
JUL_22_2,56.24,518,2025-07-22 13:46:10
JUL_22_2,56.32,519,2025-07-22 13:46:11
JUL_22_2,56.25,520,2025-07-22 13:46:14
JUL_22_2,56.11,521,2025-07-22 13:46:15
JUL_22_2,56.32,522,2025-07-22 13:46:18
JUL_22_2,56.1,523,2025-07-22 13:46:19
JUL_22_2,56.11,524,2025-07-22 13:46:21
JUL_22_2,56.1,525,2025-07-22 13:46:24
JUL_22_2,56.1,526,2025-07-22 13:46:25
JUL_22_2,56.11,527,2025-07-22 13:46:28
JUL_22_2,56.1,528,2025-07-22 13:46:30
JUL_22_2,56.17,529,2025-07-22 13:46:31
JUL_22_2,56.39,530,2025-07-22 13:46:34
JUL_22_2,56.14,531,2025-07-22 13:46:35
JUL_22_2,56.17,532,2025-07-22 13:46:38
JUL_22_2,56.17,533,2025-07-22 13:46:40
JUL_22_2,56.17,534,2025-07-22 13:46:42
JUL_22_2,56.17,535,2025-07-22 13:46:43
JUL_22_2,56.17,536,2025-07-22 13:46:45
JUL_22_2,56.17,537,2025-07-22 13:46:47
JUL_22_2,56.39,538,2025-07-22 13:46:50
JUL_22_2,56.17,539,2025-07-22 13:46:52
JUL_22_2,56.39,540,2025-07-22 13:46:54
JUL_22_2,56.17,541,2025-07-22 13:46:55
JUL_22_2,56.17,542,2025-07-22 13:46:58
JUL_22_2,56.24,543,2025-07-22 13:46:59
JUL_22_2,56.17,544,2025-07-22 13:47:02
JUL_22_2,56.25,545,2025-07-22 13:47:04
JUL_22_2,56.24,546,2025-07-22 13:47:05
JUL_22_2,56.1,547,2025-07-22 13:47:07
JUL_22_2,56.39,548,2025-07-22 13:47:10
JUL_22_2,56.24,549,2025-07-22 13:47:12
JUL_22_2,56.16,550,2025-07-22 13:47:14
JUL_22_2,56.24,551,2025-07-22 13:47:15
JUL_22_2,56.24,552,2025-07-22 13:47:18
JUL_22_2,56.17,553,2025-07-22 13:47:19
JUL_22_2,56.25,554,2025-07-22 13:47:22
JUL_22_2,56.25,555,2025-07-22 13:47:24
JUL_22_2,56.17,556,2025-07-22 13:47:25
JUL_22_2,56.17,557,2025-07-22 13:47:27
JUL_22_2,56.39,558,2025-07-22 13:47:30
JUL_22_2,56.17,559,2025-07-22 13:47:32
JUL_22_2,56.17,560,2025-07-22 13:47:34
JUL_22_2,56.32,561,2025-07-22 13:47:35
JUL_22_2,56.24,562,2025-07-22 13:47:38
JUL_22_2,56.24,563,2025-07-22 13:47:40
JUL_22_2,56.25,564,2025-07-22 13:47:42
JUL_22_2,56.24,565,2025-07-22 13:47:44
JUL_22_2,56.17,566,2025-07-22 13:47:46
JUL_22_2,56.17,567,2025-07-22 13:47:48
JUL_22_2,56.25,568,2025-07-22 13:47:50
JUL_22_2,56.17,569,2025-07-22 13:47:52
JUL_22_2,56.32,570,2025-07-22 13:47:54
JUL_22_2,56.32,571,2025-07-22 13:47:56
JUL_22_2,56.32,572,2025-07-22 13:47:58
JUL_22_2,56.17,573,2025-07-22 13:48:00
JUL_22_2,56.17,574,2025-07-22 13:48:02
JUL_22_2,56.17,575,2025-07-22 13:48:04
JUL_22_2,56.17,576,2025-07-22 13:48:06
JUL_22_2,56.17,577,2025-07-22 13:48:08
JUL_22_2,56.17,578,2025-07-22 13:48:10
JUL_22_2,56.17,579,2025-07-22 13:48:12
JUL_22_2,56.17,580,2025-07-22 13:48:14
JUL_22_2,56.17,581,2025-07-22 13:48:16
JUL_22_2,56.17,582,2025-07-22 13:48:18
JUL_22_2,56.17,583,2025-07-22 13:48:20
JUL_22_2,56.17,584,2025-07-22 13:48:22
JUL_22_2,56.17,585,2025-07-22 13:48:24
JUL_22_2,56.32,586,2025-07-22 13:48:26
JUL_22_2,56.32,587,2025-07-22 13:48:28
JUL_22_2,56.32,588,2025-07-22 13:48:30
JUL_22_2,56.25,589,2025-07-22 13:48:32
JUL_22_2,56.25,590,2025-07-22 13:48:34
JUL_22_2,56.24,591,2025-07-22 13:48:36
JUL_22_2,56.1,592,2025-07-22 13:48:38
JUL_22_2,56.1,593,2025-07-22 13:48:40
JUL_22_2,56.1,594,2025-07-22 13:48:42
JUL_22_2,55.97,595,2025-07-22 13:48:44
JUL_22_2,55.95,596,2025-07-22 13:48:46
JUL_22_2,56.11,597,2025-07-22 13:48:48
JUL_22_2,56.11,598,2025-07-22 13:48:50
JUL_22_2,56.24,599,2025-07-22 13:48:52
JUL_22_2,56.24,600,2025-07-22 13:48:54
JUL_22_2,56.39,601,2025-07-22 13:48:56
JUL_22_2,56.39,602,2025-07-22 13:48:58
JUL_22_2,56.39,603,2025-07-22 13:49:00
JUL_22_2,56.25,604,2025-07-22 13:49:02
JUL_22_2,56.24,605,2025-07-22 13:49:04
JUL_22_2,56.25,606,2025-07-22 13:49:06
JUL_22_2,56.39,607,2025-07-22 13:49:08
JUL_22_2,56.39,608,2025-07-22 13:49:10
JUL_22_2,56.39,609,2025-07-22 13:49:12
JUL_22_2,56.32,610,2025-07-22 13:49:14
JUL_22_2,56.32,611,2025-07-22 13:49:16
JUL_22_2,56.32,612,2025-07-22 13:49:18
JUL_22_2,56.25,613,2025-07-22 13:49:20
JUL_22_2,56.25,614,2025-07-22 13:49:22
JUL_22_2,56.24,615,2025-07-22 13:49:24
JUL_22_2,56.39,616,2025-07-22 13:49:26
JUL_22_2,56.39,617,2025-07-22 13:49:28
JUL_22_2,56.39,618,2025-07-22 13:49:30
JUL_22_2,56.1,619,2025-07-22 13:49:32
JUL_22_2,56.11,620,2025-07-22 13:49:34
JUL_22_2,56.1,621,2025-07-22 13:49:36
JUL_22_2,56.11,622,2025-07-22 13:49:38
JUL_22_2,56.11,623,2025-07-22 13:49:40
JUL_22_2,56.1,624,2025-07-22 13:49:42
JUL_22_2,56.25,625,2025-07-22 13:49:44
JUL_22_2,56.25,626,2025-07-22 13:49:46
JUL_22_2,56.24,627,2025-07-22 13:49:48
JUL_22_2,56.24,628,2025-07-22 13:49:50
JUL_22_2,56.24,629,2025-07-22 13:49:52
JUL_22_2,56.24,630,2025-07-22 13:49:54
JUL_22_2,56.25,631,2025-07-22 13:49:56
JUL_22_2,56.11,632,2025-07-22 13:49:58
JUL_22_2,56.24,633,2025-07-22 13:50:00
JUL_22_2,56.11,634,2025-07-22 13:50:02
JUL_22_2,56.25,635,2025-07-22 13:50:04
JUL_22_2,56.24,636,2025-07-22 13:50:06
JUL_22_2,56.32,637,2025-07-22 13:50:08
JUL_22_2,56.32,638,2025-07-22 13:50:10
JUL_22_2,56.32,639,2025-07-22 13:50:12
JUL_22_2,56.25,640,2025-07-22 13:50:14
JUL_22_2,56.25,641,2025-07-22 13:50:16
JUL_22_2,56.24,642,2025-07-22 13:50:18
JUL_22_2,56.17,643,2025-07-22 13:50:20
JUL_22_2,56.17,644,2025-07-22 13:50:22
JUL_22_2,56.17,645,2025-07-22 13:50:24
JUL_22_2,56.24,646,2025-07-22 13:50:26
JUL_22_2,56.25,647,2025-07-22 13:50:28
JUL_22_2,56.32,648,2025-07-22 13:50:30
JUL_22_2,56.25,649,2025-07-22 13:50:32
JUL_22_2,56.32,650,2025-07-22 13:50:34
JUL_22_2,56.21,651,2025-07-22 13:50:36
JUL_22_2,56.17,652,2025-07-22 13:50:38
JUL_22_2,56.17,653,2025-07-22 13:50:40
JUL_22_2,56.17,654,2025-07-22 13:50:42
JUL_22_2,56.32,655,2025-07-22 13:50:44
JUL_22_2,56.32,656,2025-07-22 13:50:46
JUL_22_2,56.32,657,2025-07-22 13:50:48
JUL_22_2,56.32,658,2025-07-22 13:50:50
JUL_22_2,56.32,659,2025-07-22 13:50:52
JUL_22_2,56.32,660,2025-07-22 13:50:54
JUL_22_2,56.25,661,2025-07-22 13:50:56
JUL_22_2,56.32,662,2025-07-22 13:50:58
JUL_22_2,56.25,663,2025-07-22 13:51:00
JUL_22_2,56.25,664,2025-07-22 13:51:02
JUL_22_2,56.11,665,2025-07-22 13:51:04
JUL_22_2,56.1,666,2025-07-22 13:51:06
JUL_22_2,56.11,667,2025-07-22 13:51:08
JUL_22_2,56.32,668,2025-07-22 13:51:10
JUL_22_2,56.32,669,2025-07-22 13:51:13
JUL_22_2,56.32,670,2025-07-22 13:51:14
JUL_22_2,56.32,671,2025-07-22 13:51:16
JUL_22_2,56.32,672,2025-07-22 13:51:18
JUL_22_2,56.32,673,2025-07-22 13:51:21
JUL_22_2,56.25,674,2025-07-22 13:51:22
JUL_22_2,56.25,675,2025-07-22 13:51:24
JUL_22_2,56.25,676,2025-07-22 13:51:26
JUL_22_2,56.27,677,2025-07-22 13:51:28
JUL_22_2,56.24,678,2025-07-22 13:51:30
JUL_22_2,56.32,679,2025-07-22 13:51:32
JUL_22_2,56.32,680,2025-07-22 13:51:34
JUL_22_2,56.17,681,2025-07-22 13:51:36
JUL_22_2,56.32,682,2025-07-22 13:51:38
JUL_22_2,56.17,683,2025-07-22 13:51:41
JUL_22_2,56.1,684,2025-07-22 13:51:42
JUL_22_2,56.1,685,2025-07-22 13:51:44
JUL_22_2,56.11,686,2025-07-22 13:51:46
JUL_22_2,56.11,687,2025-07-22 13:51:48
JUL_22_2,56.24,688,2025-07-22 13:51:50
JUL_22_2,56.24,689,2025-07-22 13:51:52
JUL_22_2,56.25,690,2025-07-22 13:51:54
JUL_22_2,56.24,691,2025-07-22 13:51:56
JUL_22_2,56.25,692,2025-07-22 13:51:59
JUL_22_2,56.24,693,2025-07-22 13:52:00
JUL_22_2,56.32,694,2025-07-22 13:52:03
JUL_22_2,56.32,695,2025-07-22 13:52:04
JUL_22_2,56.25,696,2025-07-22 13:52:07
JUL_22_2,56.24,697,2025-07-22 13:52:08
JUL_22_2,56.32,698,2025-07-22 13:52:11
JUL_22_2,56.32,699,2025-07-22 13:52:13
JUL_22_2,56.32,700,2025-07-22 13:52:14
JUL_22_2,56.32,701,2025-07-22 13:52:16
JUL_22_2,56.35,702,2025-07-22 13:52:19
JUL_22_2,56.32,703,2025-07-22 13:52:21
JUL_22_2,56.39,704,2025-07-22 13:52:22
JUL_22_2,56.39,705,2025-07-22 13:52:24
JUL_22_2,56.32,706,2025-07-22 13:52:27
JUL_22_2,56.39,707,2025-07-22 13:52:28
JUL_22_2,56.32,708,2025-07-22 13:52:30
JUL_22_2,56.32,709,2025-07-22 13:52:33
JUL_22_2,56.32,710,2025-07-22 13:52:35
JUL_22_2,56.17,711,2025-07-22 13:52:36
JUL_22_2,56.32,712,2025-07-22 13:52:39
JUL_22_2,56.17,713,2025-07-22 13:52:40
JUL_22_2,56.32,714,2025-07-22 13:52:43
JUL_22_2,56.32,715,2025-07-22 13:52:45
JUL_22_2,56.11,716,2025-07-22 13:52:46
JUL_22_2,56.32,717,2025-07-22 13:52:48
JUL_22_2,56.11,718,2025-07-22 13:52:51
JUL_22_2,56.24,719,2025-07-22 13:52:53
JUL_22_2,56.39,720,2025-07-22 13:52:55
JUL_22_2,56.25,721,2025-07-22 13:52:56
JUL_22_2,56.32,722,2025-07-22 13:52:59
JUL_22_2,56.39,723,2025-07-22 13:53:00
JUL_22_2,56.32,724,2025-07-22 13:53:03
JUL_22_2,56.25,725,2025-07-22 13:53:04
JUL_22_2,56.25,726,2025-07-22 13:53:06
JUL_22_2,56.17,727,2025-07-22 13:53:09
JUL_22_2,56.17,728,2025-07-22 13:53:11
JUL_22_2,56.25,729,2025-07-22 13:53:13
JUL_22_2,56.17,730,2025-07-22 13:53:15
JUL_22_2,56.03,731,2025-07-22 13:53:17
JUL_22_2,56.3,732,2025-07-22 13:53:19
JUL_22_2,56.03,733,2025-07-22 13:53:21
JUL_22_2,56.17,734,2025-07-22 13:53:23
JUL_22_2,56.32,735,2025-07-22 13:53:25
JUL_22_2,56.17,736,2025-07-22 13:53:27
JUL_22_2,56.25,737,2025-07-22 13:53:29
JUL_22_2,56.25,738,2025-07-22 13:53:31
JUL_22_2,56.24,739,2025-07-22 13:53:33
JUL_22_2,56.24,740,2025-07-22 13:53:35
JUL_22_2,56.32,741,2025-07-22 13:53:37
JUL_22_2,56.11,742,2025-07-22 13:53:39
JUL_22_2,56.32,743,2025-07-22 13:53:41
JUL_22_2,56.17,744,2025-07-22 13:53:43
JUL_22_2,56.17,745,2025-07-22 13:53:45
JUL_22_2,56.32,746,2025-07-22 13:53:47
JUL_22_2,56.24,747,2025-07-22 13:53:49
JUL_22_2,56.32,748,2025-07-22 13:53:51
JUL_22_2,56.03,749,2025-07-22 13:53:53
JUL_22_2,56.03,750,2025-07-22 13:53:55
JUL_22_2,56.16,751,2025-07-22 13:53:57
JUL_22_2,56.25,752,2025-07-22 13:53:59
JUL_22_2,56.25,753,2025-07-22 13:54:01
JUL_22_2,56.11,754,2025-07-22 13:54:03
JUL_22_2,56.11,755,2025-07-22 13:54:05
JUL_22_2,56.1,756,2025-07-22 13:54:07
JUL_22_2,56.17,757,2025-07-22 13:54:09
JUL_22_2,56.17,758,2025-07-22 13:54:11
JUL_22_2,56.24,759,2025-07-22 13:54:13
JUL_22_2,56.24,760,2025-07-22 13:54:15
JUL_22_2,56.24,761,2025-07-22 13:54:17
JUL_22_2,56.3,762,2025-07-22 13:54:19
JUL_22_2,56.25,763,2025-07-22 13:54:21
JUL_22_2,56.25,764,2025-07-22 13:54:23
JUL_22_2,56.17,765,2025-07-22 13:54:25
JUL_22_2,56.25,766,2025-07-22 13:54:27
JUL_22_2,56.17,767,2025-07-22 13:54:29
JUL_22_2,56.24,768,2025-07-22 13:54:31
JUL_22_2,56.32,769,2025-07-22 13:54:33
JUL_22_2,56.39,770,2025-07-22 13:54:35
JUL_22_2,56.39,771,2025-07-22 13:54:37
JUL_22_2,56.39,772,2025-07-22 13:54:39
JUL_22_2,56.24,773,2025-07-22 13:54:41
JUL_22_2,56.24,774,2025-07-22 13:54:43
JUL_22_2,56.03,775,2025-07-22 13:54:45
JUL_22_2,56.25,776,2025-07-22 13:54:47
JUL_22_2,56.11,777,2025-07-22 13:54:49
JUL_22_2,56.1,778,2025-07-22 13:54:51
JUL_22_2,56.17,779,2025-07-22 13:54:53
JUL_22_2,56.11,780,2025-07-22 13:54:55
JUL_22_2,56.28,781,2025-07-22 13:54:57
JUL_22_2,56.17,782,2025-07-22 13:54:59
JUL_22_2,56.32,783,2025-07-22 13:55:01
JUL_22_2,56.32,784,2025-07-22 13:55:03
JUL_22_2,56.1,785,2025-07-22 13:55:05
JUL_22_2,56.32,786,2025-07-22 13:55:07
JUL_22_2,56.11,787,2025-07-22 13:55:09
JUL_22_2,56.11,788,2025-07-22 13:55:11
JUL_22_2,56.25,789,2025-07-22 13:55:13
JUL_22_2,56.11,790,2025-07-22 13:55:15
JUL_22_2,56.24,791,2025-07-22 13:55:17
JUL_22_2,56.24,792,2025-07-22 13:55:19
JUL_22_2,56.24,793,2025-07-22 13:55:21
JUL_22_2,56.24,794,2025-07-22 13:55:23
JUL_22_2,56.24,795,2025-07-22 13:55:25
JUL_22_2,56.28,796,2025-07-22 13:55:27
JUL_22_2,56.25,797,2025-07-22 13:55:29
JUL_22_2,56.17,798,2025-07-22 13:55:31
JUL_22_2,56.32,799,2025-07-22 13:55:33
JUL_22_2,56.11,800,2025-07-22 13:55:35
JUL_22_2,56.17,801,2025-07-22 13:55:37
JUL_22_2,56.11,802,2025-07-22 13:55:39
JUL_22_2,56.03,803,2025-07-22 13:55:41
JUL_22_2,56.25,804,2025-07-22 13:55:43
JUL_22_2,56.03,805,2025-07-22 13:55:45
JUL_22_2,56.25,806,2025-07-22 13:55:47
JUL_22_2,56.24,807,2025-07-22 13:55:49
JUL_22_2,56.03,808,2025-07-22 13:55:51
JUL_22_2,56.25,809,2025-07-22 13:55:53
JUL_22_2,56.25,810,2025-07-22 13:55:55
JUL_22_2,56.05,811,2025-07-22 13:55:57
JUL_22_2,56.25,812,2025-07-22 13:55:59
JUL_22_2,56.32,813,2025-07-22 13:56:01
JUL_22_2,56.11,814,2025-07-22 13:56:03
JUL_22_2,56.32,815,2025-07-22 13:56:05
JUL_22_2,56.25,816,2025-07-22 13:56:07
JUL_22_2,56.17,817,2025-07-22 13:56:09
JUL_22_2,56.17,818,2025-07-22 13:56:11
JUL_22_2,56.17,819,2025-07-22 13:56:13
JUL_22_2,56.11,820,2025-07-22 13:56:15
JUL_22_2,56.11,821,2025-07-22 13:56:18
JUL_22_2,56.32,822,2025-07-22 13:56:19
JUL_22_2,56.11,823,2025-07-22 13:56:22
JUL_22_2,56.11,824,2025-07-22 13:56:23
JUL_22_2,56.24,825,2025-07-22 13:56:25
JUL_22_2,56.25,826,2025-07-22 13:56:27
JUL_22_2,56.11,827,2025-07-22 13:56:29
JUL_22_2,56.25,828,2025-07-22 13:56:31
JUL_22_2,56.11,829,2025-07-22 13:56:33
JUL_22_2,56.16,830,2025-07-22 13:56:35
JUL_22_2,56.17,831,2025-07-22 13:56:37
JUL_22_2,56.1,832,2025-07-22 13:56:39
JUL_22_2,56.17,833,2025-07-22 13:56:41
JUL_22_2,56.25,834,2025-07-22 13:56:45
JUL_22_2,56.17,835,2025-07-22 13:56:43
JUL_22_2,56.24,836,2025-07-22 13:56:47
JUL_22_2,56.17,837,2025-07-22 13:56:49
JUL_22_2,56.1,838,2025-07-22 13:56:52
JUL_22_2,56.1,839,2025-07-22 13:56:53
JUL_22_2,56.17,840,2025-07-22 13:56:55
JUL_22_2,56.17,841,2025-07-22 13:56:57
JUL_22_2,56.25,842,2025-07-22 13:57:00
JUL_22_2,56.25,843,2025-07-22 13:57:01
JUL_22_2,56.25,844,2025-07-22 13:57:03
JUL_22_2,56.25,845,2025-07-22 13:57:05
JUL_22_2,56.17,846,2025-07-22 13:57:07
JUL_22_2,56.25,847,2025-07-22 13:57:09
JUL_22_2,56.17,848,2025-07-22 13:57:11
JUL_22_2,56.17,849,2025-07-22 13:57:13
JUL_22_2,56.17,850,2025-07-22 13:57:15
JUL_22_2,55.97,851,2025-07-22 13:57:17
JUL_22_2,56.17,852,2025-07-22 13:57:19
JUL_22_2,56.03,853,2025-07-22 13:57:22
JUL_22_2,56.32,854,2025-07-22 13:57:24
JUL_22_2,56.32,855,2025-07-22 13:57:25
JUL_22_2,56.32,856,2025-07-22 13:57:28
JUL_22_2,56.32,857,2025-07-22 13:57:29
JUL_22_2,56.32,858,2025-07-22 13:57:32
JUL_22_2,56.32,859,2025-07-22 13:57:33
JUL_22_2,56.32,860,2025-07-22 13:57:35
JUL_22_2,56.32,861,2025-07-22 13:57:37
JUL_22_2,56.32,862,2025-07-22 13:57:40
JUL_22_2,56.25,863,2025-07-22 13:57:41
JUL_22_2,56.24,864,2025-07-22 13:57:44
JUL_22_2,56.03,865,2025-07-22 13:57:45
JUL_22_2,56.25,866,2025-07-22 13:57:47
JUL_22_2,56.17,867,2025-07-22 13:57:50
JUL_22_2,56.11,868,2025-07-22 13:57:51
JUL_22_2,56.17,869,2025-07-22 13:57:54
JUL_22_2,56.17,870,2025-07-22 13:57:55
JUL_22_2,56.11,871,2025-07-22 13:57:57
JUL_22_2,56.25,872,2025-07-22 13:57:59
JUL_22_2,56.17,873,2025-07-22 13:58:02
JUL_22_2,56.17,874,2025-07-22 13:58:03
JUL_22_2,56.17,875,2025-07-22 13:58:05
JUL_22_2,56.17,876,2025-07-22 13:58:08
JUL_22_2,56.17,877,2025-07-22 13:58:09
JUL_22_2,56.17,878,2025-07-22 13:58:12
JUL_22_2,56.32,879,2025-07-22 13:58:14
JUL_22_2,56.32,880,2025-07-22 13:58:15
JUL_22_2,56.32,881,2025-07-22 13:58:17
JUL_22_2,56.32,882,2025-07-22 13:58:20
JUL_22_2,56.17,883,2025-07-22 13:58:22
JUL_22_2,56.03,884,2025-07-22 13:58:24
JUL_22_2,56.03,885,2025-07-22 13:58:25
JUL_22_2,56.17,886,2025-07-22 13:58:27
JUL_22_2,56.25,887,2025-07-22 13:58:30
JUL_22_2,56.25,888,2025-07-22 13:58:32
JUL_22_2,56.25,889,2025-07-22 13:58:34
JUL_22_2,56.24,890,2025-07-22 13:58:35
JUL_22_2,56.03,891,2025-07-22 13:58:37
JUL_22_2,56.03,892,2025-07-22 13:58:40
JUL_22_2,56.32,893,2025-07-22 13:58:42
JUL_22_2,56.08,894,2025-07-22 13:58:44
JUL_22_2,56.17,895,2025-07-22 13:58:45
JUL_22_2,56.17,896,2025-07-22 13:58:48
JUL_22_2,56.17,897,2025-07-22 13:58:50
JUL_22_2,56.32,898,2025-07-22 13:58:52
JUL_22_2,56.32,899,2025-07-22 13:58:54
JUL_22_2,56.32,900,2025-07-22 13:58:56
JUL_22_2,56.1,901,2025-07-22 13:58:58
JUL_22_2,56.32,902,2025-07-22 13:59:00
JUL_22_2,56.11,903,2025-07-22 13:59:02
JUL_22_2,56.11,904,2025-07-22 13:59:04
JUL_22_2,56.24,905,2025-07-22 13:59:06
JUL_22_2,56.03,906,2025-07-22 13:59:08
JUL_22_2,56.11,907,2025-07-22 13:59:10
JUL_22_2,56.32,908,2025-07-22 13:59:12
JUL_22_2,56.11,909,2025-07-22 13:59:14
JUL_22_2,56.32,910,2025-07-22 13:59:16
JUL_22_2,56.32,911,2025-07-22 13:59:18
JUL_22_2,56.1,912,2025-07-22 13:59:20
JUL_22_2,56.32,913,2025-07-22 13:59:22
JUL_22_2,56.32,914,2025-07-22 13:59:24
JUL_22_2,56.11,915,2025-07-22 13:59:26
JUL_22_2,56.11,916,2025-07-22 13:59:28
JUL_22_2,56.17,917,2025-07-22 13:59:30
JUL_22_2,56.17,918,2025-07-22 13:59:32
JUL_22_2,56.17,919,2025-07-22 13:59:34
JUL_22_2,56.17,920,2025-07-22 13:59:36
JUL_22_2,56.25,921,2025-07-22 13:59:38
JUL_22_2,56.11,922,2025-07-22 13:59:40
JUL_22_2,56.11,923,2025-07-22 13:59:42
JUL_22_2,56.39,924,2025-07-22 13:59:44
JUL_22_2,56.03,925,2025-07-22 13:59:46
JUL_22_2,56.03,926,2025-07-22 13:59:48
JUL_22_2,56.17,927,2025-07-22 13:59:50
JUL_22_2,55.97,928,2025-07-22 13:59:52
JUL_22_2,55.97,929,2025-07-22 13:59:54
JUL_22_2,56.17,930,2025-07-22 13:59:56
JUL_22_2,56.32,931,2025-07-22 13:59:58
JUL_22_2,56.17,932,2025-07-22 14:00:00
JUL_22_2,56.17,933,2025-07-22 14:00:02
JUL_22_2,56.17,934,2025-07-22 14:00:04
JUL_22_2,56.17,935,2025-07-22 14:00:06
JUL_22_2,56.17,936,2025-07-22 14:00:08
JUL_22_2,56.32,937,2025-07-22 14:00:10
JUL_22_2,56.32,938,2025-07-22 14:00:12
JUL_22_2,56.11,939,2025-07-22 14:00:14
JUL_22_2,56.32,940,2025-07-22 14:00:16
JUL_22_2,56.32,941,2025-07-22 14:00:18
JUL_22_2,56.32,942,2025-07-22 14:00:20
JUL_22_2,56.32,943,2025-07-22 14:00:22
JUL_22_2,56.32,944,2025-07-22 14:00:24
JUL_22_2,56.17,945,2025-07-22 14:00:26
JUL_22_2,56.17,946,2025-07-22 14:00:28
JUL_22_2,56.17,947,2025-07-22 14:00:30
JUL_22_2,56.17,948,2025-07-22 14:00:32
JUL_22_2,56.1,949,2025-07-22 14:00:34
JUL_22_2,56.11,950,2025-07-22 14:00:36
JUL_22_2,56.32,951,2025-07-22 14:00:38
JUL_22_2,56.25,952,2025-07-22 14:00:40
JUL_22_2,56.25,953,2025-07-22 14:00:42
JUL_22_2,56.25,954,2025-07-22 14:00:44
JUL_22_2,56.25,955,2025-07-22 14:00:46
JUL_22_2,56.17,956,2025-07-22 14:00:48
JUL_22_2,56.17,957,2025-07-22 14:00:50
JUL_22_2,56.17,958,2025-07-22 14:00:52
JUL_22_2,56.17,959,2025-07-22 14:00:54
JUL_22_2,56.17,960,2025-07-22 14:00:56
JUL_22_2,56.17,961,2025-07-22 14:00:58
JUL_22_2,56.24,962,2025-07-22 14:01:00
JUL_22_2,56.03,963,2025-07-22 14:01:02
JUL_22_2,56.03,964,2025-07-22 14:01:04
JUL_22_2,56.17,965,2025-07-22 14:01:06
JUL_22_2,56.17,966,2025-07-22 14:01:08
JUL_22_2,56.17,967,2025-07-22 14:01:10
JUL_22_2,56.17,968,2025-07-22 14:01:12
JUL_22_2,56.17,969,2025-07-22 14:01:14
JUL_22_2,56.17,970,2025-07-22 14:01:16
JUL_22_2,56.17,971,2025-07-22 14:01:18
JUL_22_2,56.25,972,2025-07-22 14:01:20
JUL_22_2,56.17,973,2025-07-22 14:01:22
JUL_22_2,56.25,974,2025-07-22 14:01:24
JUL_22_2,56.25,975,2025-07-22 14:01:26
JUL_22_2,56.25,976,2025-07-22 14:01:28
JUL_22_2,56.24,977,2025-07-22 14:01:30
JUL_22_2,56.24,978,2025-07-22 14:01:32
JUL_22_2,56.25,979,2025-07-22 14:01:34
JUL_22_2,56.11,980,2025-07-22 14:01:36
JUL_22_2,56.32,981,2025-07-22 14:01:38
JUL_22_2,56.24,982,2025-07-22 14:01:40
JUL_22_2,55.97,983,2025-07-22 14:01:42
JUL_22_2,56.03,984,2025-07-22 14:01:44
JUL_22_2,56.25,985,2025-07-22 14:01:46
JUL_22_2,56.03,986,2025-07-22 14:01:48
JUL_22_2,56.03,987,2025-07-22 14:01:50
JUL_22_2,56.25,988,2025-07-22 14:01:52
JUL_22_2,56.25,989,2025-07-22 14:01:54
JUL_22_2,56.25,990,2025-07-22 14:01:56
JUL_22_2,56.24,991,2025-07-22 14:01:58
JUL_22_2,56.32,992,2025-07-22 14:02:00
JUL_22_2,56.1,993,2025-07-22 14:02:02
JUL_22_2,56.11,994,2025-07-22 14:02:04
JUL_22_2,56.32,995,2025-07-22 14:02:06
JUL_22_4,55.83,996,2025-07-22 14:54:53
JUL_22_4,55.97,997,2025-07-22 14:54:54
JUL_22_4,55.97,998,2025-07-22 14:54:57
JUL_22_4,55.97,999,2025-07-22 14:54:59
JUL_22_4,55.75,1000,2025-07-22 14:55:01
JUL_22_4,55.75,1001,2025-07-22 14:55:03
JUL_22_4,55.75,1002,2025-07-22 14:55:05
JUL_22_4,55.75,1003,2025-07-22 14:55:07
JUL_22_4,55.75,1004,2025-07-22 14:55:09
JUL_22_4,55.75,1005,2025-07-22 14:55:11
JUL_22_4,55.75,1006,2025-07-22 14:55:13
JUL_22_4,55.75,1007,2025-07-22 14:55:15
JUL_22_4,55.75,1008,2025-07-22 14:55:17
JUL_22_4,55.78,1009,2025-07-22 14:55:19
JUL_22_4,55.89,1010,2025-07-22 14:55:21
JUL_22_4,55.97,1011,2025-07-22 14:55:23
JUL_22_4,55.89,1012,2025-07-22 14:55:25
JUL_22_4,56.03,1013,2025-07-22 14:55:27
JUL_22_4,56.03,1014,2025-07-22 14:55:29
JUL_22_4,55.97,1015,2025-07-22 14:55:31
JUL_22_4,56.03,1016,2025-07-22 14:55:33
JUL_22_4,55.83,1017,2025-07-22 14:55:35
JUL_22_4,55.89,1018,2025-07-22 14:55:37
JUL_22_4,55.83,1019,2025-07-22 14:55:39
JUL_22_4,55.86,1020,2025-07-22 14:55:41
JUL_22_4,55.89,1021,2025-07-22 14:55:43
JUL_22_4,55.83,1022,2025-07-22 14:55:45
JUL_22_4,55.97,1023,2025-07-22 14:55:47
JUL_22_4,55.69,1024,2025-07-22 14:55:49
JUL_22_4,55.81,1025,2025-07-22 14:55:51
JUL_22_4,55.75,1026,2025-07-22 14:55:53
JUL_22_4,55.69,1027,2025-07-22 14:55:55
JUL_22_4,55.89,1028,2025-07-22 14:55:57
JUL_22_4,55.75,1029,2025-07-22 14:55:59
JUL_22_4,55.83,1030,2025-07-22 14:56:01
JUL_22_4,55.97,1031,2025-07-22 14:56:03
JUL_22_4,55.83,1032,2025-07-22 14:56:05
JUL_22_4,55.83,1033,2025-07-22 14:56:07
JUL_22_4,55.97,1034,2025-07-22 14:56:09
JUL_22_4,55.95,1035,2025-07-22 14:56:11
JUL_22_4,55.89,1036,2025-07-22 14:56:13
JUL_22_4,55.89,1037,2025-07-22 14:56:15
JUL_22_4,55.89,1038,2025-07-22 14:56:17
JUL_22_4,55.75,1039,2025-07-22 14:56:19
JUL_22_4,55.75,1040,2025-07-22 14:56:21
JUL_22_4,55.89,1041,2025-07-22 14:56:23
JUL_22_4,55.89,1042,2025-07-22 14:56:25
JUL_22_4,55.83,1043,2025-07-22 14:56:27
JUL_22_4,55.83,1044,2025-07-22 14:56:29
JUL_22_4,55.83,1045,2025-07-22 14:56:31
JUL_22_4,55.83,1046,2025-07-22 14:56:33
JUL_22_4,55.75,1047,2025-07-22 14:56:35
JUL_22_4,55.89,1048,2025-07-22 14:56:37
JUL_22_4,55.89,1049,2025-07-22 14:56:39
JUL_22_4,55.83,1050,2025-07-22 14:56:41
JUL_22_4,55.83,1051,2025-07-22 14:56:43
JUL_22_4,55.83,1052,2025-07-22 14:56:45
JUL_22_4,55.83,1053,2025-07-22 14:56:47
JUL_22_4,55.75,1054,2025-07-22 14:56:49
JUL_22_4,55.89,1055,2025-07-22 14:56:51
JUL_22_4,55.89,1056,2025-07-22 14:56:53
JUL_22_4,55.83,1057,2025-07-22 14:56:55
JUL_22_4,55.83,1058,2025-07-22 14:56:57
JUL_22_4,55.83,1059,2025-07-22 14:56:59
JUL_22_4,55.83,1060,2025-07-22 14:57:01
JUL_22_4,55.81,1061,2025-07-22 14:57:03
JUL_22_4,55.89,1062,2025-07-22 14:57:05
JUL_22_4,55.89,1063,2025-07-22 14:57:07
JUL_22_4,55.61,1064,2025-07-22 14:57:09
JUL_22_4,55.75,1065,2025-07-22 14:57:11
JUL_22_4,55.83,1066,2025-07-22 14:57:13
JUL_22_4,55.83,1067,2025-07-22 14:57:15
JUL_22_4,55.83,1068,2025-07-22 14:57:17
JUL_22_4,55.83,1069,2025-07-22 14:57:19
JUL_22_4,55.83,1070,2025-07-22 14:57:21
JUL_22_4,55.83,1071,2025-07-22 14:57:23
JUL_22_4,55.83,1072,2025-07-22 14:57:25
JUL_22_4,55.89,1073,2025-07-22 14:57:27
JUL_22_4,55.89,1074,2025-07-22 14:57:29
JUL_22_4,55.83,1075,2025-07-22 14:57:31
JUL_22_4,55.83,1076,2025-07-22 14:57:33
JUL_22_4,55.83,1077,2025-07-22 14:57:35
JUL_22_4,55.83,1078,2025-07-22 14:57:37
JUL_22_4,55.83,1079,2025-07-22 14:57:39
JUL_22_4,55.83,1080,2025-07-22 14:57:41
JUL_22_4,55.89,1081,2025-07-22 14:57:43
JUL_22_4,55.83,1082,2025-07-22 14:57:45
JUL_22_4,55.83,1083,2025-07-22 14:57:47
JUL_22_4,55.83,1084,2025-07-22 14:57:49
JUL_22_4,55.83,1085,2025-07-22 14:57:51
JUL_22_4,55.83,1086,2025-07-22 14:57:53
JUL_22_4,55.83,1087,2025-07-22 14:57:55
JUL_22_4,55.83,1088,2025-07-22 14:57:57
JUL_22_4,55.83,1089,2025-07-22 14:57:59
JUL_22_4,55.69,1090,2025-07-22 14:58:01
JUL_22_4,55.69,1091,2025-07-22 14:58:03
JUL_22_4,55.75,1092,2025-07-22 14:58:05
JUL_22_4,55.75,1093,2025-07-22 14:58:07
JUL_22_4,55.75,1094,2025-07-22 14:58:09
JUL_22_4,55.89,1095,2025-07-22 14:58:11
JUL_22_4,55.75,1096,2025-07-22 14:58:13
JUL_22_4,55.75,1097,2025-07-22 14:58:15
JUL_22_4,55.75,1098,2025-07-22 14:58:17
JUL_22_4,55.75,1099,2025-07-22 14:58:19
JUL_22_4,55.89,1100,2025-07-22 14:58:21
JUL_22_4,56.03,1101,2025-07-22 14:58:23
JUL_22_4,56.03,1102,2025-07-22 14:58:25
JUL_22_4,56.03,1103,2025-07-22 14:58:27
JUL_22_4,56.03,1104,2025-07-22 14:58:29
JUL_22_4,55.97,1105,2025-07-22 14:58:31
JUL_22_4,55.97,1106,2025-07-22 14:58:34
JUL_22_4,55.89,1107,2025-07-22 14:58:35
JUL_22_4,55.89,1108,2025-07-22 14:58:37
JUL_22_4,55.89,1109,2025-07-22 14:58:39
JUL_22_4,55.89,1110,2025-07-22 14:58:41
JUL_22_4,55.97,1111,2025-07-22 14:58:43
JUL_22_4,55.97,1112,2025-07-22 14:58:45
JUL_22_4,55.89,1113,2025-07-22 14:58:47
JUL_22_4,55.97,1114,2025-07-22 14:58:49
JUL_22_4,55.95,1115,2025-07-22 14:58:51
JUL_22_4,55.97,1116,2025-07-22 14:58:53
JUL_22_4,55.97,1117,2025-07-22 14:58:55
JUL_22_4,55.89,1118,2025-07-22 14:58:57
JUL_22_4,55.89,1119,2025-07-22 14:59:00
JUL_22_4,55.83,1120,2025-07-22 14:59:01
JUL_22_4,55.83,1121,2025-07-22 14:59:04
JUL_22_4,55.83,1122,2025-07-22 14:59:05
JUL_22_4,55.81,1123,2025-07-22 14:59:07
JUL_22_4,55.75,1124,2025-07-22 14:59:09
JUL_22_4,55.95,1125,2025-07-22 14:59:11
JUL_22_4,55.83,1126,2025-07-22 14:59:13
JUL_22_4,55.75,1127,2025-07-22 14:59:15
JUL_22_4,55.83,1128,2025-07-22 14:59:17
JUL_22_4,55.83,1129,2025-07-22 14:59:19
JUL_22_4,55.83,1130,2025-07-22 14:59:22
JUL_22_4,55.89,1131,2025-07-22 14:59:24
JUL_22_4,55.91,1132,2025-07-22 14:59:25
JUL_22_4,55.89,1133,2025-07-22 14:59:27
JUL_22_4,55.97,1134,2025-07-22 14:59:29
JUL_22_4,55.89,1135,2025-07-22 14:59:32
JUL_22_4,55.89,1136,2025-07-22 14:59:34
JUL_22_4,55.97,1137,2025-07-22 14:59:35
JUL_22_4,55.75,1138,2025-07-22 14:59:37
JUL_22_4,55.89,1139,2025-07-22 14:59:40
JUL_22_4,55.89,1140,2025-07-22 14:59:42
JUL_22_4,55.89,1141,2025-07-22 14:59:44
JUL_22_4,55.89,1142,2025-07-22 14:59:45
JUL_22_4,55.89,1143,2025-07-22 14:59:47
JUL_22_4,55.89,1144,2025-07-22 14:59:49
JUL_22_4,55.75,1145,2025-07-22 14:59:52
JUL_22_4,55.75,1146,2025-07-22 14:59:53
JUL_22_4,55.89,1147,2025-07-22 14:59:55
JUL_22_4,55.89,1148,2025-07-22 14:59:58
JUL_22_4,55.97,1149,2025-07-22 15:00:00
JUL_22_4,55.97,1150,2025-07-22 15:00:02
JUL_22_4,55.97,1151,2025-07-22 15:00:04
JUL_22_4,55.83,1152,2025-07-22 15:00:05
JUL_22_4,55.83,1153,2025-07-22 15:00:08
JUL_22_4,55.97,1154,2025-07-22 15:00:10
JUL_22_4,55.97,1155,2025-07-22 15:00:12
JUL_22_4,55.97,1156,2025-07-22 15:00:14
JUL_22_4,55.83,1157,2025-07-22 15:00:15
JUL_22_4,55.83,1158,2025-07-22 15:00:18
JUL_22_4,55.83,1159,2025-07-22 15:00:19
JUL_22_4,56.03,1160,2025-07-22 15:00:22
JUL_22_4,56.03,1161,2025-07-22 15:00:24
JUL_22_4,55.86,1162,2025-07-22 15:00:25
JUL_22_4,56.03,1163,2025-07-22 15:00:28
JUL_22_4,55.81,1164,2025-07-22 15:00:30
JUL_22_4,55.75,1165,2025-07-22 15:00:32
JUL_22_4,55.75,1166,2025-07-22 15:00:34
JUL_22_4,55.75,1167,2025-07-22 15:00:35
JUL_22_4,55.83,1168,2025-07-22 15:00:38
JUL_22_4,55.83,1169,2025-07-22 15:00:40
JUL_22_4,55.83,1170,2025-07-22 15:00:42
JUL_22_4,55.89,1171,2025-07-22 15:00:44
JUL_22_4,55.75,1172,2025-07-22 15:00:46
JUL_22_4,55.99,1173,2025-07-22 15:00:48
JUL_22_4,55.83,1174,2025-07-22 15:00:50
JUL_22_4,55.75,1175,2025-07-22 15:00:52
JUL_22_4,55.83,1176,2025-07-22 15:00:54
JUL_22_4,55.84,1177,2025-07-22 15:00:56
JUL_22_4,55.97,1178,2025-07-22 15:00:58
JUL_22_4,55.97,1179,2025-07-22 15:01:00
JUL_22_4,55.97,1180,2025-07-22 15:01:02
JUL_22_4,55.97,1181,2025-07-22 15:01:04
JUL_22_4,55.97,1182,2025-07-22 15:01:06
JUL_22_4,55.7,1183,2025-07-22 15:01:08
JUL_22_4,55.97,1184,2025-07-22 15:01:10
JUL_22_4,55.83,1185,2025-07-22 15:01:12
JUL_22_4,55.69,1186,2025-07-22 15:01:14
JUL_22_4,55.89,1187,2025-07-22 15:01:16
JUL_22_4,55.83,1188,2025-07-22 15:01:18
JUL_22_4,55.75,1189,2025-07-22 15:01:20
JUL_22_4,55.89,1190,2025-07-22 15:01:22
JUL_22_4,55.75,1191,2025-07-22 15:01:24
JUL_22_4,55.83,1192,2025-07-22 15:01:26
JUL_22_4,55.83,1193,2025-07-22 15:01:28
JUL_22_4,55.69,1194,2025-07-22 15:01:30
JUL_22_4,55.69,1195,2025-07-22 15:01:32
JUL_22_4,55.69,1196,2025-07-22 15:01:34
JUL_22_4,55.69,1197,2025-07-22 15:01:36
JUL_22_4,55.75,1198,2025-07-22 15:01:38
JUL_22_4,55.75,1199,2025-07-22 15:01:40
JUL_22_4,55.75,1200,2025-07-22 15:01:42
JUL_22_4,55.75,1201,2025-07-22 15:01:44
JUL_22_4,56.03,1202,2025-07-22 15:01:46
JUL_22_4,55.75,1203,2025-07-22 15:01:48
JUL_22_4,56.03,1204,2025-07-22 15:01:50
JUL_22_4,56.03,1205,2025-07-22 15:01:52
JUL_22_4,55.89,1206,2025-07-22 15:01:54
JUL_22_4,55.97,1207,2025-07-22 15:01:56
JUL_22_4,55.89,1208,2025-07-22 15:01:58
JUL_22_4,55.97,1209,2025-07-22 15:02:00
JUL_22_4,55.97,1210,2025-07-22 15:02:02
JUL_22_4,55.83,1211,2025-07-22 15:02:04
JUL_22_4,55.97,1212,2025-07-22 15:02:06
JUL_22_4,55.83,1213,2025-07-22 15:02:08
JUL_22_4,55.83,1214,2025-07-22 15:02:10
JUL_22_4,55.89,1215,2025-07-22 15:02:12
JUL_22_4,55.83,1216,2025-07-22 15:02:14
JUL_22_4,55.97,1217,2025-07-22 15:02:16
JUL_22_4,55.89,1218,2025-07-22 15:02:18
JUL_22_4,55.83,1219,2025-07-22 15:02:20
JUL_22_4,55.97,1220,2025-07-22 15:02:22
JUL_22_4,55.83,1221,2025-07-22 15:02:24
JUL_22_4,55.83,1222,2025-07-22 15:02:26
JUL_22_4,55.83,1223,2025-07-22 15:02:28
JUL_22_4,55.83,1224,2025-07-22 15:02:30
JUL_22_4,55.83,1225,2025-07-22 15:02:32
JUL_22_4,55.83,1226,2025-07-22 15:02:34
JUL_22_4,55.89,1227,2025-07-22 15:02:36
JUL_22_4,55.61,1228,2025-07-22 15:02:38
JUL_22_4,55.97,1229,2025-07-22 15:02:40
JUL_22_4,55.97,1230,2025-07-22 15:02:42
JUL_22_4,55.97,1231,2025-07-22 15:02:44
JUL_22_4,55.97,1232,2025-07-22 15:02:46
JUL_22_4,55.97,1233,2025-07-22 15:02:48
JUL_22_4,55.89,1234,2025-07-22 15:02:50
JUL_22_4,55.75,1235,2025-07-22 15:02:52
JUL_22_4,55.75,1236,2025-07-22 15:02:54
JUL_22_4,55.75,1237,2025-07-22 15:02:56
JUL_22_4,55.75,1238,2025-07-22 15:02:58
JUL_22_4,55.97,1239,2025-07-22 15:03:00
JUL_22_4,55.95,1240,2025-07-22 15:03:02
JUL_22_4,55.97,1241,2025-07-22 15:03:04
JUL_22_4,55.95,1242,2025-07-22 15:03:06
JUL_22_4,55.95,1243,2025-07-22 15:03:08
JUL_22_4,55.97,1244,2025-07-22 15:03:10
JUL_22_4,55.75,1245,2025-07-22 15:03:12
JUL_22_4,55.75,1246,2025-07-22 15:03:14
JUL_22_4,55.75,1247,2025-07-22 15:03:16
JUL_22_4,55.67,1248,2025-07-22 15:03:18
JUL_22_4,55.75,1249,2025-07-22 15:03:20
JUL_22_4,55.83,1250,2025-07-22 15:03:22
JUL_22_4,55.83,1251,2025-07-22 15:03:24
JUL_22_4,55.97,1252,2025-07-22 15:03:26
JUL_22_4,55.83,1253,2025-07-22 15:03:28
JUL_22_4,55.92,1254,2025-07-22 15:03:30
JUL_22_4,55.83,1255,2025-07-22 15:03:32
JUL_22_4,55.69,1256,2025-07-22 15:03:34
JUL_22_4,55.83,1257,2025-07-22 15:03:36
JUL_22_4,55.69,1258,2025-07-22 15:03:38
JUL_22_4,55.75,1259,2025-07-22 15:03:40
JUL_22_4,55.97,1260,2025-07-22 15:03:43
JUL_22_4,55.75,1261,2025-07-22 15:03:44
JUL_22_4,55.97,1262,2025-07-22 15:03:46
JUL_22_4,55.97,1263,2025-07-22 15:03:48
JUL_22_4,55.89,1264,2025-07-22 15:03:50
JUL_22_4,55.97,1265,2025-07-22 15:03:52
JUL_22_4,55.83,1266,2025-07-22 15:03:54
JUL_22_4,55.83,1267,2025-07-22 15:03:56
JUL_22_4,55.95,1268,2025-07-22 15:03:58
JUL_22_4,55.86,1269,2025-07-22 15:04:00
JUL_22_4,55.97,1270,2025-07-22 15:04:02
JUL_22_4,55.89,1271,2025-07-22 15:04:04
JUL_22_4,55.75,1272,2025-07-22 15:04:06
JUL_22_4,55.75,1273,2025-07-22 15:04:08
JUL_22_4,55.67,1274,2025-07-22 15:04:10
JUL_22_4,55.75,1275,2025-07-22 15:04:13
JUL_22_4,55.69,1276,2025-07-22 15:04:14
JUL_22_4,55.69,1277,2025-07-22 15:04:16
JUL_22_4,55.83,1278,2025-07-22 15:04:18
JUL_22_4,55.69,1279,2025-07-22 15:04:20
JUL_22_4,55.86,1280,2025-07-22 15:04:22
JUL_22_4,55.83,1281,2025-07-22 15:04:24
JUL_22_4,55.75,1282,2025-07-22 15:04:26
JUL_22_4,56.03,1283,2025-07-22 15:04:28
JUL_22_4,55.75,1284,2025-07-22 15:04:30
JUL_22_4,55.83,1285,2025-07-22 15:04:32
JUL_22_4,55.89,1286,2025-07-22 15:04:34
JUL_22_4,55.83,1287,2025-07-22 15:04:36
JUL_22_4,55.89,1288,2025-07-22 15:04:38
JUL_22_4,55.89,1289,2025-07-22 15:04:40
JUL_22_4,55.81,1290,2025-07-22 15:04:42
JUL_22_4,55.89,1291,2025-07-22 15:04:44
JUL_22_4,55.83,1292,2025-07-22 15:04:46
JUL_22_4,55.75,1293,2025-07-22 15:04:48
JUL_22_4,55.89,1294,2025-07-22 15:04:50
JUL_22_4,55.75,1295,2025-07-22 15:04:52
JUL_22_4,55.75,1296,2025-07-22 15:04:54
JUL_22_4,55.83,1297,2025-07-22 15:04:56
JUL_22_4,55.69,1298,2025-07-22 15:04:58
JUL_22_4,55.94,1299,2025-07-22 15:05:00
JUL_22_4,55.83,1300,2025-07-22 15:05:02
JUL_22_4,55.97,1301,2025-07-22 15:05:04
JUL_22_4,56.03,1302,2025-07-22 15:05:06
JUL_22_4,55.75,1303,2025-07-22 15:05:08
JUL_22_4,55.97,1304,2025-07-22 15:05:10
JUL_22_4,55.75,1305,2025-07-22 15:05:12
JUL_22_4,55.75,1306,2025-07-22 15:05:14
JUL_22_4,55.89,1307,2025-07-22 15:05:16
JUL_22_4,55.75,1308,2025-07-22 15:05:18
JUL_22_4,55.89,1309,2025-07-22 15:05:20
JUL_22_4,55.89,1310,2025-07-22 15:05:22
JUL_22_4,55.83,1311,2025-07-22 15:05:24
JUL_22_4,55.89,1312,2025-07-22 15:05:26
JUL_22_4,55.89,1313,2025-07-22 15:05:28
JUL_22_4,55.83,1314,2025-07-22 15:05:30
JUL_22_4,55.89,1315,2025-07-22 15:05:32
JUL_22_4,55.83,1316,2025-07-22 15:05:34
JUL_22_4,55.83,1317,2025-07-22 15:05:36
JUL_22_4,55.89,1318,2025-07-22 15:05:38
JUL_22_4,55.83,1319,2025-07-22 15:05:40
JUL_22_4,55.83,1320,2025-07-22 15:05:43
JUL_22_4,55.89,1321,2025-07-22 15:05:44
JUL_22_4,55.83,1322,2025-07-22 15:05:46
JUL_22_4,55.83,1323,2025-07-22 15:05:48
JUL_22_4,55.89,1324,2025-07-22 15:05:51
JUL_22_4,55.83,1325,2025-07-22 15:05:53
JUL_22_4,55.83,1326,2025-07-22 15:05:55
JUL_22_4,55.89,1327,2025-07-22 15:05:56
JUL_22_4,55.83,1328,2025-07-22 15:05:59
JUL_22_4,55.83,1329,2025-07-22 15:06:00
JUL_22_4,55.97,1330,2025-07-22 15:06:02
JUL_22_4,55.83,1331,2025-07-22 15:06:04
JUL_22_4,55.95,1332,2025-07-22 15:06:06
JUL_22_4,55.97,1333,2025-07-22 15:06:09
JUL_22_4,55.95,1334,2025-07-22 15:06:10
JUL_22_4,55.97,1335,2025-07-22 15:06:13
JUL_22_4,55.95,1336,2025-07-22 15:06:14
JUL_22_4,55.97,1337,2025-07-22 15:06:17
JUL_22_4,55.97,1338,2025-07-22 15:06:18
JUL_22_4,55.89,1339,2025-07-22 15:06:20
JUL_22_4,55.89,1340,2025-07-22 15:06:23
JUL_22_4,55.89,1341,2025-07-22 15:06:24
JUL_22_4,55.89,1342,2025-07-22 15:06:27
JUL_22_4,55.83,1343,2025-07-22 15:06:29
JUL_22_4,55.83,1344,2025-07-22 15:06:30
JUL_22_4,55.83,1345,2025-07-22 15:06:33
JUL_22_4,55.83,1346,2025-07-22 15:06:34
JUL_22_4,55.83,1347,2025-07-22 15:06:37
JUL_22_4,55.89,1348,2025-07-22 15:06:39
JUL_22_4,55.89,1349,2025-07-22 15:06:41
JUL_22_4,55.89,1350,2025-07-22 15:06:43
JUL_22_4,55.89,1351,2025-07-22 15:06:44
JUL_22_4,55.89,1352,2025-07-22 15:06:47
JUL_22_4,55.89,1353,2025-07-22 15:06:49
JUL_22_4,55.89,1354,2025-07-22 15:06:50
JUL_22_4,55.89,1355,2025-07-22 15:06:53
JUL_22_4,55.89,1356,2025-07-22 15:06:54
JUL_22_4,56.03,1357,2025-07-22 15:06:57
JUL_22_4,56.03,1358,2025-07-22 15:06:59
JUL_22_4,56.03,1359,2025-07-22 15:07:01
JUL_22_4,55.83,1360,2025-07-22 15:07:03
JUL_22_4,55.83,1361,2025-07-22 15:07:04
JUL_22_4,55.83,1362,2025-07-22 15:07:07
JUL_22_4,55.83,1363,2025-07-22 15:07:09
JUL_22_4,55.83,1364,2025-07-22 15:07:11
JUL_22_4,55.83,1365,2025-07-22 15:07:13
JUL_22_4,55.86,1366,2025-07-22 15:07:14
JUL_22_4,55.89,1367,2025-07-22 15:07:17
JUL_22_4,55.75,1368,2025-07-22 15:07:19
JUL_22_4,55.89,1369,2025-07-22 15:07:21
JUL_22_4,55.75,1370,2025-07-22 15:07:23
JUL_22_4,55.89,1371,2025-07-22 15:07:24
JUL_22_4,55.97,1372,2025-07-22 15:07:27
JUL_22_4,55.89,1373,2025-07-22 15:07:29
JUL_22_4,55.89,1374,2025-07-22 15:07:31
JUL_22_4,55.97,1375,2025-07-22 15:07:32
JUL_22_4,55.75,1376,2025-07-22 15:07:34
JUL_22_4,55.75,1377,2025-07-22 15:07:37
JUL_22_4,55.97,1378,2025-07-22 15:07:39
JUL_22_4,55.75,1379,2025-07-22 15:07:41
JUL_22_4,55.75,1380,2025-07-22 15:07:43
JUL_22_4,55.97,1381,2025-07-22 15:07:44
JUL_22_4,55.69,1382,2025-07-22 15:07:46
JUL_22_4,55.69,1383,2025-07-22 15:07:48
JUL_22_4,55.97,1384,2025-07-22 15:07:51
JUL_22_4,55.83,1385,2025-07-22 15:07:53
JUL_22_4,55.69,1386,2025-07-22 15:07:55
JUL_22_4,55.83,1387,2025-07-22 15:07:56
JUL_22_4,55.69,1388,2025-07-22 15:07:59
JUL_22_4,55.83,1389,2025-07-22 15:08:00
JUL_22_4,55.97,1390,2025-07-22 15:08:03
JUL_22_4,55.73,1391,2025-07-22 15:08:05
JUL_22_4,55.83,1392,2025-07-22 15:08:07
JUL_22_4,55.83,1393,2025-07-22 15:08:09
JUL_22_4,55.69,1394,2025-07-22 15:08:11
JUL_22_4,55.83,1395,2025-07-22 15:08:13
JUL_22_4,55.75,1396,2025-07-22 15:08:15
JUL_22_4,55.69,1397,2025-07-22 15:08:17
JUL_22_4,55.75,1398,2025-07-22 15:08:19
JUL_22_4,55.75,1399,2025-07-22 15:08:21
JUL_22_4,55.61,1400,2025-07-22 15:08:23
JUL_22_4,55.83,1401,2025-07-22 15:08:25
JUL_22_4,55.97,1402,2025-07-22 15:08:27
JUL_22_4,55.61,1403,2025-07-22 15:08:29
JUL_22_4,55.97,1404,2025-07-22 15:08:31
JUL_22_4,55.67,1405,2025-07-22 15:08:33
JUL_22_4,55.7,1406,2025-07-22 15:08:35
JUL_22_4,55.75,1407,2025-07-22 15:08:37
JUL_22_4,55.75,1408,2025-07-22 15:08:39
JUL_22_4,55.75,1409,2025-07-22 15:08:41
JUL_22_4,55.75,1410,2025-07-22 15:08:43
JUL_22_4,55.81,1411,2025-07-22 15:08:45
JUL_22_4,55.83,1412,2025-07-22 15:08:47
JUL_22_4,55.83,1413,2025-07-22 15:08:49
JUL_22_4,55.83,1414,2025-07-22 15:08:51
JUL_22_4,55.83,1415,2025-07-22 15:08:53
JUL_22_4,55.83,1416,2025-07-22 15:08:55
JUL_22_4,55.75,1417,2025-07-22 15:08:57
JUL_22_4,55.75,1418,2025-07-22 15:08:59
JUL_22_4,55.75,1419,2025-07-22 15:09:01
JUL_22_4,55.83,1420,2025-07-22 15:09:03
JUL_22_4,55.81,1421,2025-07-22 15:09:05
JUL_22_4,55.83,1422,2025-07-22 15:09:07
JUL_22_4,55.89,1423,2025-07-22 15:09:09
JUL_22_4,55.75,1424,2025-07-22 15:09:11
JUL_22_4,55.97,1425,2025-07-22 15:09:13
JUL_22_4,55.89,1426,2025-07-22 15:09:15
JUL_22_4,55.97,1427,2025-07-22 15:09:17
JUL_22_4,55.97,1428,2025-07-22 15:09:19
JUL_22_4,55.75,1429,2025-07-22 15:09:21
JUL_22_4,55.97,1430,2025-07-22 15:09:23
JUL_22_4,55.89,1431,2025-07-22 15:09:25
JUL_22_4,55.75,1432,2025-07-22 15:09:27
JUL_22_4,55.89,1433,2025-07-22 15:09:29
JUL_22_4,55.69,1434,2025-07-22 15:09:31
JUL_22_4,55.69,1435,2025-07-22 15:09:33
JUL_22_4,55.69,1436,2025-07-22 15:09:35
JUL_22_4,55.75,1437,2025-07-22 15:09:37
JUL_22_4,55.75,1438,2025-07-22 15:09:39
JUL_22_4,55.83,1439,2025-07-22 15:09:41
JUL_22_4,55.83,1440,2025-07-22 15:09:43
JUL_22_4,55.75,1441,2025-07-22 15:09:45
JUL_22_4,56.03,1442,2025-07-22 15:09:47
JUL_22_4,56.03,1443,2025-07-22 15:09:49
JUL_22_4,55.83,1444,2025-07-22 15:09:51
JUL_22_4,55.83,1445,2025-07-22 15:09:53
JUL_22_4,55.83,1446,2025-07-22 15:09:55
JUL_22_4,55.81,1447,2025-07-22 15:09:57
JUL_22_4,55.83,1448,2025-07-22 15:09:59
JUL_22_4,55.81,1449,2025-07-22 15:10:01
JUL_22_4,55.83,1450,2025-07-22 15:10:03
JUL_22_4,55.75,1451,2025-07-22 15:10:05
JUL_22_4,55.89,1452,2025-07-22 15:10:07
JUL_22_4,55.89,1453,2025-07-22 15:10:09
JUL_22_4,55.89,1454,2025-07-22 15:10:11
JUL_22_4,55.89,1455,2025-07-22 15:10:13
JUL_22_4,55.89,1456,2025-07-22 15:10:15
JUL_22_4,55.89,1457,2025-07-22 15:10:17
JUL_22_4,55.89,1458,2025-07-22 15:10:19
JUL_22_4,55.83,1459,2025-07-22 15:10:21
JUL_22_4,55.83,1460,2025-07-22 15:10:23
JUL_22_4,55.83,1461,2025-07-22 15:10:25
JUL_22_4,55.75,1462,2025-07-22 15:10:27
JUL_22_4,55.75,1463,2025-07-22 15:10:29
JUL_22_4,55.75,1464,2025-07-22 15:10:31
JUL_22_4,55.75,1465,2025-07-22 15:10:33
JUL_22_4,55.75,1466,2025-07-22 15:10:35
JUL_22_4,55.97,1467,2025-07-22 15:10:37
JUL_22_4,55.97,1468,2025-07-22 15:10:39
JUL_22_4,55.75,1469,2025-07-22 15:10:41
JUL_22_4,55.75,1470,2025-07-22 15:10:43
JUL_22_4,55.75,1471,2025-07-22 15:10:45
JUL_22_4,55.75,1472,2025-07-22 15:10:47
JUL_22_4,55.67,1473,2025-07-22 15:10:49
JUL_22_4,55.83,1474,2025-07-22 15:10:51
JUL_22_4,55.83,1475,2025-07-22 15:10:53
JUL_22_4,55.75,1476,2025-07-22 15:10:55
JUL_22_4,55.75,1477,2025-07-22 15:10:57
JUL_22_4,55.75,1478,2025-07-22 15:10:59
JUL_22_4,55.75,1479,2025-07-22 15:11:01
JUL_22_4,55.75,1480,2025-07-22 15:11:03
JUL_22_4,55.75,1481,2025-07-22 15:11:05
JUL_22_4,55.75,1482,2025-07-22 15:11:07
JUL_22_4,55.75,1483,2025-07-22 15:11:10
JUL_22_4,55.75,1484,2025-07-22 15:11:12
JUL_22_4,55.75,1485,2025-07-22 15:11:13
JUL_22_4,55.83,1486,2025-07-22 15:11:15
JUL_22_4,55.81,1487,2025-07-22 15:11:17
JUL_22_4,55.81,1488,2025-07-22 15:11:19
JUL_22_4,55.75,1489,2025-07-22 15:11:21
JUL_22_4,55.75,1490,2025-07-22 15:11:23
JUL_22_4,55.75,1491,2025-07-22 15:11:25
JUL_22_4,55.75,1492,2025-07-22 15:11:28
JUL_22_4,55.83,1493,2025-07-22 15:11:29
JUL_22_5,55.81,1494,2025-07-22 15:19:28
JUL_22_5,55.75,1495,2025-07-22 15:19:30
JUL_22_5,55.83,1496,2025-07-22 15:19:32
JUL_22_5,55.75,1497,2025-07-22 15:19:34
JUL_22_5,55.61,1498,2025-07-22 15:19:36
JUL_22_5,55.75,1499,2025-07-22 15:19:38
JUL_22_5,55.61,1500,2025-07-22 15:19:40
JUL_22_5,55.75,1501,2025-07-22 15:19:42
JUL_22_5,55.81,1502,2025-07-22 15:19:44
JUL_22_5,55.75,1503,2025-07-22 15:19:46
JUL_22_5,55.75,1504,2025-07-22 15:19:48
JUL_22_5,55.83,1505,2025-07-22 15:19:50
JUL_22_5,55.69,1506,2025-07-22 15:19:52
JUL_22_5,55.89,1507,2025-07-22 15:19:54
JUL_22_5,55.89,1508,2025-07-22 15:19:56
JUL_22_5,55.75,1509,2025-07-22 15:19:58
JUL_22_5,55.89,1510,2025-07-22 15:20:00
JUL_22_5,55.89,1511,2025-07-22 15:20:02
JUL_22_5,55.89,1512,2025-07-22 15:20:04
JUL_22_5,55.89,1513,2025-07-22 15:20:06
JUL_22_5,55.89,1514,2025-07-22 15:20:08
JUL_22_5,55.89,1515,2025-07-22 15:20:10
JUL_22_5,55.83,1516,2025-07-22 15:20:12
JUL_22_5,55.89,1517,2025-07-22 15:20:14
JUL_22_5,55.89,1518,2025-07-22 15:20:16
JUL_22_5,55.89,1519,2025-07-22 15:20:18
JUL_22_5,55.89,1520,2025-07-22 15:20:20
JUL_22_5,55.89,1521,2025-07-22 15:20:22
JUL_22_5,55.89,1522,2025-07-22 15:20:25
JUL_22_5,55.89,1523,2025-07-22 15:20:26
JUL_22_5,55.81,1524,2025-07-22 15:20:28
JUL_22_5,55.83,1525,2025-07-22 15:20:31
JUL_22_5,55.83,1526,2025-07-22 15:20:32
JUL_22_5,55.83,1527,2025-07-22 15:20:34
JUL_22_5,55.83,1528,2025-07-22 15:20:36
JUL_22_5,55.83,1529,2025-07-22 15:20:38
JUL_22_5,55.61,1530,2025-07-22 15:20:41
JUL_22_5,55.61,1531,2025-07-22 15:20:43
JUL_22_5,55.67,1532,2025-07-22 15:20:44
JUL_22_5,55.75,1533,2025-07-22 15:20:46
JUL_22_5,55.75,1534,2025-07-22 15:20:48
JUL_22_5,55.75,1535,2025-07-22 15:20:51
JUL_22_5,55.75,1536,2025-07-22 15:20:52
JUL_22_5,55.67,1537,2025-07-22 15:20:54
JUL_22_5,55.75,1538,2025-07-22 15:20:57
JUL_22_5,55.67,1539,2025-07-22 15:20:58
JUL_22_5,55.75,1540,2025-07-22 15:21:01
JUL_22_5,55.75,1541,2025-07-22 15:21:02
JUL_22_5,55.75,1542,2025-07-22 15:21:05
JUL_22_5,55.75,1543,2025-07-22 15:21:06
JUL_22_5,55.75,1544,2025-07-22 15:21:08
JUL_22_5,55.75,1545,2025-07-22 15:21:11
JUL_22_5,55.75,1546,2025-07-22 15:21:12
JUL_22_5,55.75,1547,2025-07-22 15:21:14
JUL_22_5,55.75,1548,2025-07-22 15:21:16
JUL_22_5,55.75,1549,2025-07-22 15:21:18
JUL_22_5,55.67,1550,2025-07-22 15:21:20
JUL_22_5,55.81,1551,2025-07-22 15:21:23
JUL_22_5,55.81,1552,2025-07-22 15:21:24
JUL_22_5,55.69,1553,2025-07-22 15:21:27
JUL_22_5,55.83,1554,2025-07-22 15:21:29
JUL_22_5,55.61,1555,2025-07-22 15:21:31
JUL_22_5,55.67,1556,2025-07-22 15:21:33
JUL_22_5,55.69,1557,2025-07-22 15:21:34
JUL_22_5,55.61,1558,2025-07-22 15:21:36
JUL_22_5,55.67,1559,2025-07-22 15:21:39
JUL_22_5,55.67,1560,2025-07-22 15:21:41
JUL_22_5,55.67,1561,2025-07-22 15:21:42
JUL_22_5,55.83,1562,2025-07-22 15:21:44
JUL_22_5,55.75,1563,2025-07-22 15:21:47
JUL_22_5,55.89,1564,2025-07-22 15:21:50
JUL_22_5,55.83,1565,2025-07-22 15:21:49
JUL_22_5,55.75,1566,2025-07-22 15:21:53
JUL_22_5,55.89,1567,2025-07-22 15:21:54
JUL_22_5,55.89,1568,2025-07-22 15:21:56
JUL_22_5,55.69,1569,2025-07-22 15:21:59
JUL_22_5,55.97,1570,2025-07-22 15:22:01
JUL_22_5,55.95,1571,2025-07-22 15:22:03
JUL_22_5,55.75,1572,2025-07-22 15:22:05
JUL_22_5,55.75,1573,2025-07-22 15:22:06
JUL_22_5,55.83,1574,2025-07-22 15:22:09
JUL_22_5,55.83,1575,2025-07-22 15:22:11
JUL_22_5,55.83,1576,2025-07-22 15:22:13
JUL_22_5,55.81,1577,2025-07-22 15:22:14
JUL_22_5,55.81,1578,2025-07-22 15:22:16
JUL_22_5,55.83,1579,2025-07-22 15:22:19
JUL_22_5,55.83,1580,2025-07-22 15:22:21
JUL_22_5,55.89,1581,2025-07-22 15:22:23
JUL_22_5,55.89,1582,2025-07-22 15:22:25
JUL_22_5,55.81,1583,2025-07-22 15:22:26
JUL_22_5,55.81,1584,2025-07-22 15:22:29
JUL_22_5,55.81,1585,2025-07-22 15:22:31
JUL_22_5,55.81,1586,2025-07-22 15:22:33
JUL_22_5,55.81,1587,2025-07-22 15:22:35
JUL_22_5,55.83,1588,2025-07-22 15:22:37
JUL_22_5,55.83,1589,2025-07-22 15:22:39
JUL_22_5,55.75,1590,2025-07-22 15:22:41
JUL_22_5,55.75,1591,2025-07-22 15:22:43
JUL_22_5,55.75,1592,2025-07-22 15:22:45
JUL_22_5,55.75,1593,2025-07-22 15:22:47
JUL_22_5,55.75,1594,2025-07-22 15:22:49
JUL_22_5,55.75,1595,2025-07-22 15:22:51
JUL_22_5,55.83,1596,2025-07-22 15:22:53
JUL_22_5,55.83,1597,2025-07-22 15:22:55
JUL_22_5,55.83,1598,2025-07-22 15:22:57
JUL_22_5,55.81,1599,2025-07-22 15:22:59
JUL_22_5,55.83,1600,2025-07-22 15:23:01
JUL_22_5,55.47,1601,2025-07-22 15:23:03
JUL_22_5,55.61,1602,2025-07-22 15:23:05
JUL_22_5,55.89,1603,2025-07-22 15:23:07
JUL_22_5,55.61,1604,2025-07-22 15:23:09
JUL_22_5,55.61,1605,2025-07-22 15:23:11
JUL_22_5,55.89,1606,2025-07-22 15:23:13
JUL_22_5,55.86,1607,2025-07-22 15:23:15
JUL_22_5,55.61,1608,2025-07-22 15:23:17
JUL_22_5,55.89,1609,2025-07-22 15:23:19
JUL_22_5,55.89,1610,2025-07-22 15:23:21
JUL_22_5,55.69,1611,2025-07-22 15:23:23
JUL_22_5,55.83,1612,2025-07-22 15:23:25
JUL_22_5,55.69,1613,2025-07-22 15:23:27
JUL_22_5,55.69,1614,2025-07-22 15:23:29
JUL_22_5,55.83,1615,2025-07-22 15:23:31
JUL_22_5,55.69,1616,2025-07-22 15:23:33
JUL_22_5,55.69,1617,2025-07-22 15:23:35
JUL_22_5,55.89,1618,2025-07-22 15:23:37
JUL_22_5,55.69,1619,2025-07-22 15:23:39
JUL_22_5,55.75,1620,2025-07-22 15:23:41
JUL_22_5,55.83,1621,2025-07-22 15:23:43
JUL_22_5,55.75,1622,2025-07-22 15:23:45
JUL_22_5,55.89,1623,2025-07-22 15:23:47
JUL_22_5,55.83,1624,2025-07-22 15:23:49
JUL_22_5,55.75,1625,2025-07-22 15:23:51
JUL_22_5,55.77,1626,2025-07-22 15:23:53
JUL_22_5,55.61,1627,2025-07-22 15:23:55
JUL_22_5,55.75,1628,2025-07-22 15:23:57
JUL_22_5,55.61,1629,2025-07-22 15:23:59
JUL_22_5,55.61,1630,2025-07-22 15:24:01
JUL_22_5,55.75,1631,2025-07-22 15:24:03
JUL_22_5,55.61,1632,2025-07-22 15:24:05
JUL_22_5,55.75,1633,2025-07-22 15:24:07
JUL_22_5,55.75,1634,2025-07-22 15:24:09
JUL_22_5,55.67,1635,2025-07-22 15:24:11
JUL_22_5,55.75,1636,2025-07-22 15:24:13
JUL_22_5,55.89,1637,2025-07-22 15:24:15
JUL_22_5,55.75,1638,2025-07-22 15:24:17
JUL_22_5,55.89,1639,2025-07-22 15:24:19
JUL_22_5,55.75,1640,2025-07-22 15:24:21
JUL_22_5,55.69,1641,2025-07-22 15:24:23
JUL_22_5,55.69,1642,2025-07-22 15:24:25
JUL_22_5,55.61,1643,2025-07-22 15:24:27
JUL_22_5,55.67,1644,2025-07-22 15:24:29
JUL_22_5,55.67,1645,2025-07-22 15:24:31
JUL_22_5,55.67,1646,2025-07-22 15:24:33
JUL_22_5,55.95,1647,2025-07-22 15:24:35
JUL_22_5,55.97,1648,2025-07-22 15:24:37
JUL_22_5,55.75,1649,2025-07-22 15:24:39
JUL_22_5,55.97,1650,2025-07-22 15:24:41
JUL_22_5,55.75,1651,2025-07-22 15:24:43
JUL_22_5,55.64,1652,2025-07-22 15:24:45
JUL_22_5,55.83,1653,2025-07-22 15:24:47
JUL_22_5,55.61,1654,2025-07-22 15:24:49
JUL_22_5,55.75,1655,2025-07-22 15:24:51
JUL_22_5,55.75,1656,2025-07-22 15:24:53
JUL_22_5,55.75,1657,2025-07-22 15:24:55
JUL_22_5,55.83,1658,2025-07-22 15:24:57
JUL_22_5,55.81,1659,2025-07-22 15:24:59
JUL_22_5,55.83,1660,2025-07-22 15:25:01
JUL_22_5,55.61,1661,2025-07-22 15:25:03
JUL_22_5,55.61,1662,2025-07-22 15:25:05
JUL_22_5,55.75,1663,2025-07-22 15:25:07
JUL_22_5,55.75,1664,2025-07-22 15:25:09
JUL_22_5,55.83,1665,2025-07-22 15:25:11
JUL_22_5,55.83,1666,2025-07-22 15:25:13
JUL_22_5,55.83,1667,2025-07-22 15:25:15
JUL_22_5,55.83,1668,2025-07-22 15:25:17
JUL_22_5,55.69,1669,2025-07-22 15:25:19
JUL_22_5,55.69,1670,2025-07-22 15:25:21
JUL_22_5,55.69,1671,2025-07-22 15:25:23
JUL_22_5,55.83,1672,2025-07-22 15:25:25
JUL_22_5,55.89,1673,2025-07-22 15:25:27
JUL_22_5,55.89,1674,2025-07-22 15:25:29
JUL_22_5,55.89,1675,2025-07-22 15:25:31
JUL_22_5,55.83,1676,2025-07-22 15:25:33
JUL_22_5,55.69,1677,2025-07-22 15:25:35
JUL_22_5,55.83,1678,2025-07-22 15:25:37
JUL_22_5,55.83,1679,2025-07-22 15:25:39
JUL_22_5,55.67,1680,2025-07-22 15:25:41
JUL_22_5,55.83,1681,2025-07-22 15:25:43
JUL_22_5,55.77,1682,2025-07-22 15:25:45
JUL_22_5,55.69,1683,2025-07-22 15:25:47
JUL_22_5,55.89,1684,2025-07-22 15:25:49
JUL_22_5,55.83,1685,2025-07-22 15:25:52
JUL_22_5,55.69,1686,2025-07-22 15:25:53
JUL_22_5,55.83,1687,2025-07-22 15:25:55
JUL_22_5,55.83,1688,2025-07-22 15:25:57
JUL_22_5,55.55,1689,2025-07-22 15:25:59
JUL_22_5,55.69,1690,2025-07-22 15:26:01
JUL_22_5,55.67,1691,2025-07-22 15:26:03
JUL_22_5,55.61,1692,2025-07-22 15:26:05
JUL_22_5,55.61,1693,2025-07-22 15:26:07
JUL_22_5,55.83,1694,2025-07-22 15:26:09
JUL_22_5,55.55,1695,2025-07-22 15:26:11
JUL_22_5,55.61,1696,2025-07-22 15:26:13
JUL_22_5,55.84,1697,2025-07-22 15:26:15
JUL_22_5,55.83,1698,2025-07-22 15:26:17
JUL_22_5,55.83,1699,2025-07-22 15:26:19
JUL_22_5,55.83,1700,2025-07-22 15:26:21
JUL_22_5,55.83,1701,2025-07-22 15:26:24
JUL_22_5,55.69,1702,2025-07-22 15:26:25
JUL_22_5,55.61,1703,2025-07-22 15:26:27
JUL_22_5,55.83,1704,2025-07-22 15:26:30
JUL_22_5,55.75,1705,2025-07-22 15:26:32
JUL_22_5,55.75,1706,2025-07-22 15:26:33
JUL_22_5,55.83,1707,2025-07-22 15:26:35
JUL_22_5,55.81,1708,2025-07-22 15:26:38
JUL_22_5,55.75,1709,2025-07-22 15:26:39
JUL_22_5,55.75,1710,2025-07-22 15:26:41
JUL_22_5,55.75,1711,2025-07-22 15:26:43
JUL_22_5,55.69,1712,2025-07-22 15:26:45
JUL_22_5,55.67,1713,2025-07-22 15:26:47
JUL_22_5,55.75,1714,2025-07-22 15:26:49
JUL_22_5,55.75,1715,2025-07-22 15:26:52
JUL_22_5,55.69,1716,2025-07-22 15:26:53
JUL_22_5,55.81,1717,2025-07-22 15:26:55
JUL_22_5,55.83,1718,2025-07-22 15:26:57
JUL_22_5,55.61,1719,2025-07-22 15:27:00
JUL_22_5,55.67,1720,2025-07-22 15:27:02
JUL_22_5,55.67,1721,2025-07-22 15:27:03
JUL_22_5,55.67,1722,2025-07-22 15:27:05
JUL_22_5,55.67,1723,2025-07-22 15:27:08
JUL_22_5,55.75,1724,2025-07-22 15:27:09
JUL_22_5,55.75,1725,2025-07-22 15:27:12
JUL_22_5,55.75,1726,2025-07-22 15:27:14
JUL_22_5,55.89,1727,2025-07-22 15:27:15
JUL_22_5,55.75,1728,2025-07-22 15:27:17
JUL_22_5,55.67,1729,2025-07-22 15:27:20
JUL_22_5,55.75,1730,2025-07-22 15:27:22
JUL_22_5,55.75,1731,2025-07-22 15:27:24
JUL_22_5,55.67,1732,2025-07-22 15:27:25
JUL_22_5,55.83,1733,2025-07-22 15:27:28
JUL_22_5,55.75,1734,2025-07-22 15:27:30
JUL_22_5,55.61,1735,2025-07-22 15:27:31
JUL_22_5,55.75,1736,2025-07-22 15:27:33
JUL_22_5,55.75,1737,2025-07-22 15:27:35
JUL_22_5,55.67,1738,2025-07-22 15:27:38
JUL_22_5,55.67,1739,2025-07-22 15:27:40
JUL_22_5,55.69,1740,2025-07-22 15:27:42
JUL_22_5,55.67,1741,2025-07-22 15:27:44
JUL_22_5,55.69,1742,2025-07-22 15:27:45
JUL_22_5,55.67,1743,2025-07-22 15:27:47
JUL_22_5,55.67,1744,2025-07-22 15:27:50
JUL_22_5,55.67,1745,2025-07-22 15:27:51
JUL_22_5,55.67,1746,2025-07-22 15:27:54
JUL_22_5,55.75,1747,2025-07-22 15:27:55
JUL_22_5,55.61,1748,2025-07-22 15:27:57
JUL_22_5,55.67,1749,2025-07-22 15:28:00
JUL_22_5,55.61,1750,2025-07-22 15:28:02
JUL_22_5,55.47,1751,2025-07-22 15:28:04
JUL_22_5,55.61,1752,2025-07-22 15:28:05
JUL_22_5,55.47,1753,2025-07-22 15:28:08
JUL_22_5,55.69,1754,2025-07-22 15:28:10
JUL_22_5,55.69,1755,2025-07-22 15:28:12
JUL_22_5,55.67,1756,2025-07-22 15:28:14
JUL_22_5,55.69,1757,2025-07-22 15:28:15
JUL_22_5,55.67,1758,2025-07-22 15:28:18
JUL_22_5,55.83,1759,2025-07-22 15:28:20
JUL_22_5,55.83,1760,2025-07-22 15:28:22
JUL_22_5,55.81,1761,2025-07-22 15:28:23
JUL_22_5,55.75,1762,2025-07-22 15:28:25
JUL_22_5,55.75,1763,2025-07-22 15:28:27
JUL_22_5,55.75,1764,2025-07-22 15:28:30
JUL_22_5,55.75,1765,2025-07-22 15:28:32
JUL_22_5,55.75,1766,2025-07-22 15:28:34
JUL_22_5,55.61,1767,2025-07-22 15:28:35
JUL_22_5,55.61,1768,2025-07-22 15:28:38
JUL_22_5,55.61,1769,2025-07-22 15:28:40
JUL_22_5,55.67,1770,2025-07-22 15:28:42
JUL_22_5,55.69,1771,2025-07-22 15:28:44
JUL_22_5,55.75,1772,2025-07-22 15:28:46
JUL_22_5,55.75,1773,2025-07-22 15:28:48
JUL_22_5,55.75,1774,2025-07-22 15:28:50
JUL_22_5,55.83,1775,2025-07-22 15:28:52
JUL_22_5,55.75,1776,2025-07-22 15:28:54
JUL_22_5,55.83,1777,2025-07-22 15:28:56
JUL_22_5,55.75,1778,2025-07-22 15:28:58
JUL_22_5,55.75,1779,2025-07-22 15:29:00
JUL_22_5,55.75,1780,2025-07-22 15:29:02
JUL_22_5,55.75,1781,2025-07-22 15:29:04
JUL_22_5,55.75,1782,2025-07-22 15:29:06
JUL_22_5,55.67,1783,2025-07-22 15:29:08
JUL_22_5,55.67,1784,2025-07-22 15:29:10
JUL_22_5,55.61,1785,2025-07-22 15:29:12
JUL_22_5,55.61,1786,2025-07-22 15:29:14
JUL_22_5,55.61,1787,2025-07-22 15:29:16
JUL_22_5,55.61,1788,2025-07-22 15:29:18
JUL_22_5,55.75,1789,2025-07-22 15:29:20
JUL_22_5,55.75,1790,2025-07-22 15:29:22
JUL_22_5,55.75,1791,2025-07-22 15:29:24
JUL_22_5,55.75,1792,2025-07-22 15:29:26
JUL_22_5,55.75,1793,2025-07-22 15:29:28
JUL_22_5,55.69,1794,2025-07-22 15:29:30
JUL_22_5,55.67,1795,2025-07-22 15:29:32
JUL_22_5,55.66,1796,2025-07-22 15:29:34
JUL_22_5,55.47,1797,2025-07-22 15:29:36
JUL_22_5,55.47,1798,2025-07-22 15:29:38
JUL_22_5,55.47,1799,2025-07-22 15:29:40
JUL_22_5,55.89,1800,2025-07-22 15:29:42
JUL_22_5,55.61,1801,2025-07-22 15:29:44
JUL_22_5,55.89,1802,2025-07-22 15:29:46
JUL_22_5,55.61,1803,2025-07-22 15:29:48
JUL_22_5,55.75,1804,2025-07-22 15:29:50
JUL_22_5,55.75,1805,2025-07-22 15:29:52
JUL_22_5,55.75,1806,2025-07-22 15:29:54
JUL_22_5,55.75,1807,2025-07-22 15:29:56
JUL_22_5,55.69,1808,2025-07-22 15:29:58
JUL_22_5,55.67,1809,2025-07-22 15:30:00
JUL_22_5,55.67,1810,2025-07-22 15:30:02
JUL_22_5,55.69,1811,2025-07-22 15:30:04
JUL_22_5,55.67,1812,2025-07-22 15:30:06
JUL_22_5,55.67,1813,2025-07-22 15:30:08
JUL_22_5,55.75,1814,2025-07-22 15:30:10
JUL_22_5,55.56,1815,2025-07-22 15:30:12
JUL_22_5,55.67,1816,2025-07-22 15:30:14
JUL_22_5,55.75,1817,2025-07-22 15:30:16
JUL_22_5,55.55,1818,2025-07-22 15:30:18
JUL_22_5,55.75,1819,2025-07-22 15:30:20
JUL_22_5,55.75,1820,2025-07-22 15:30:22
JUL_22_5,55.61,1821,2025-07-22 15:30:24
JUL_22_5,55.69,1822,2025-07-22 15:30:26
JUL_22_5,55.69,1823,2025-07-22 15:30:28
JUL_22_5,55.67,1824,2025-07-22 15:30:30
JUL_22_5,55.67,1825,2025-07-22 15:30:32
JUL_22_5,55.67,1826,2025-07-22 15:30:34
JUL_22_5,55.55,1827,2025-07-22 15:30:36
JUL_22_5,55.61,1828,2025-07-22 15:30:38
JUL_22_5,55.75,1829,2025-07-22 15:30:40
JUL_22_5,55.73,1830,2025-07-22 15:30:42
JUL_22_5,55.61,1831,2025-07-22 15:30:44
JUL_22_5,55.75,1832,2025-07-22 15:30:46
JUL_22_5,55.75,1833,2025-07-22 15:30:48
JUL_22_5,55.61,1834,2025-07-22 15:30:50
JUL_22_5,55.67,1835,2025-07-22 15:30:52
JUL_22_5,55.67,1836,2025-07-22 15:30:54
JUL_22_5,55.61,1837,2025-07-22 15:30:56
JUL_22_5,55.61,1838,2025-07-22 15:30:58
JUL_22_5,55.61,1839,2025-07-22 15:31:00
JUL_22_5,55.61,1840,2025-07-22 15:31:02
JUL_22_5,55.61,1841,2025-07-22 15:31:04
JUL_22_5,55.61,1842,2025-07-22 15:31:06
JUL_22_5,55.61,1843,2025-07-22 15:31:08
JUL_22_5,55.67,1844,2025-07-22 15:31:10
JUL_22_5,55.67,1845,2025-07-22 15:31:12
JUL_22_5,55.69,1846,2025-07-22 15:31:14
JUL_22_5,55.69,1847,2025-07-22 15:31:16
JUL_22_5,55.61,1848,2025-07-22 15:31:18
JUL_22_5,55.61,1849,2025-07-22 15:31:20
JUL_22_5,55.61,1850,2025-07-22 15:31:22
JUL_22_5,55.61,1851,2025-07-22 15:31:24
JUL_22_5,55.67,1852,2025-07-22 15:31:26
JUL_22_5,55.69,1853,2025-07-22 15:31:28
JUL_22_5,55.69,1854,2025-07-22 15:31:30
JUL_22_5,55.67,1855,2025-07-22 15:31:32
JUL_22_5,55.55,1856,2025-07-22 15:31:34
JUL_22_5,55.61,1857,2025-07-22 15:31:36
JUL_22_5,55.61,1858,2025-07-22 15:31:38
JUL_22_5,55.61,1859,2025-07-22 15:31:40
JUL_22_5,55.61,1860,2025-07-22 15:31:42
JUL_22_5,55.75,1861,2025-07-22 15:31:44
JUL_22_5,55.75,1862,2025-07-22 15:31:46
JUL_22_5,55.69,1863,2025-07-22 15:31:48
JUL_22_5,55.67,1864,2025-07-22 15:31:50
JUL_22_5,55.69,1865,2025-07-22 15:31:52
JUL_22_5,55.61,1866,2025-07-22 15:31:54
JUL_22_5,55.55,1867,2025-07-22 15:31:56
JUL_22_5,55.61,1868,2025-07-22 15:31:58
JUL_22_5,55.61,1869,2025-07-22 15:32:00
JUL_22_5,55.4,1870,2025-07-22 15:32:02
JUL_22_5,55.47,1871,2025-07-22 15:32:04
JUL_22_5,55.75,1872,2025-07-22 15:32:06
JUL_22_5,55.47,1873,2025-07-22 15:32:08
JUL_22_5,55.47,1874,2025-07-22 15:32:10
JUL_22_5,55.75,1875,2025-07-22 15:32:12
JUL_22_5,55.47,1876,2025-07-22 15:32:14
JUL_22_5,55.55,1877,2025-07-22 15:32:16
JUL_22_5,55.67,1878,2025-07-22 15:32:18
JUL_22_5,55.59,1879,2025-07-22 15:32:20
JUL_22_5,55.55,1880,2025-07-22 15:32:22
JUL_22_5,55.69,1881,2025-07-22 15:32:24
JUL_22_5,55.69,1882,2025-07-22 15:32:26
JUL_22_5,55.55,1883,2025-07-22 15:32:28
JUL_22_5,55.53,1884,2025-07-22 15:32:30
JUL_22_5,55.53,1885,2025-07-22 15:32:32
JUL_22_5,55.55,1886,2025-07-22 15:32:34
JUL_22_5,55.55,1887,2025-07-22 15:32:36
JUL_22_5,55.75,1888,2025-07-22 15:32:38
JUL_22_5,55.75,1889,2025-07-22 15:32:40
JUL_22_5,55.55,1890,2025-07-22 15:32:42
JUL_22_5,55.75,1891,2025-07-22 15:32:44
JUL_22_5,55.75,1892,2025-07-22 15:32:46
JUL_22_5,55.61,1893,2025-07-22 15:32:48
JUL_22_5,55.61,1894,2025-07-22 15:32:50
JUL_22_5,55.61,1895,2025-07-22 15:32:52
JUL_22_5,55.61,1896,2025-07-22 15:32:54
JUL_22_5,55.61,1897,2025-07-22 15:32:56
JUL_22_5,55.67,1898,2025-07-22 15:32:58
JUL_22_5,55.67,1899,2025-07-22 15:33:01
JUL_22_5,55.61,1900,2025-07-22 15:33:02
JUL_22_5,55.61,1901,2025-07-22 15:33:04
JUL_22_5,55.75,1902,2025-07-22 15:33:06
JUL_22_5,55.67,1903,2025-07-22 15:33:08
JUL_22_5,55.69,1904,2025-07-22 15:33:10
JUL_22_5,55.69,1905,2025-07-22 15:33:13
JUL_22_5,55.69,1906,2025-07-22 15:33:15
JUL_22_5,55.61,1907,2025-07-22 15:33:16
JUL_22_5,55.69,1908,2025-07-22 15:33:18
JUL_22_5,55.69,1909,2025-07-22 15:33:20
JUL_22_5,55.67,1910,2025-07-22 15:33:23
JUL_22_5,55.67,1911,2025-07-22 15:33:25
JUL_22_5,55.83,1912,2025-07-22 15:33:26
JUL_22_5,55.66,1913,2025-07-22 15:33:29
JUL_22_5,55.47,1914,2025-07-22 15:33:30
JUL_22_5,55.69,1915,2025-07-22 15:33:33
JUL_22_5,55.55,1916,2025-07-22 15:33:35
JUL_22_5,55.55,1917,2025-07-22 15:33:36
JUL_22_5,55.55,1918,2025-07-22 15:33:39
JUL_22_5,55.55,1919,2025-07-22 15:33:40
JUL_22_5,55.55,1920,2025-07-22 15:33:43
JUL_22_5,55.55,1921,2025-07-22 15:33:45
JUL_22_5,55.47,1922,2025-07-22 15:33:46
JUL_22_5,55.67,1923,2025-07-22 15:33:49
JUL_22_5,55.55,1924,2025-07-22 15:33:50
JUL_22_5,55.55,1925,2025-07-22 15:33:53
JUL_22_5,55.61,1926,2025-07-22 15:33:55
JUL_22_5,55.55,1927,2025-07-22 15:33:56
JUL_22_5,55.61,1928,2025-07-22 15:33:59
JUL_22_5,55.69,1929,2025-07-22 15:34:01
JUL_22_5,55.55,1930,2025-07-22 15:34:03
JUL_22_5,55.61,1931,2025-07-22 15:34:04
JUL_22_5,55.55,1932,2025-07-22 15:34:06
JUL_22_5,55.53,1933,2025-07-22 15:34:09
JUL_22_5,55.61,1934,2025-07-22 15:34:11
JUL_22_5,55.83,1935,2025-07-22 15:34:13
JUL_22_5,55.69,1936,2025-07-22 15:34:14
JUL_22_5,55.83,1937,2025-07-22 15:34:16
JUL_22_5,55.69,1938,2025-07-22 15:34:19
JUL_22_5,55.47,1939,2025-07-22 15:34:21
JUL_22_5,55.69,1940,2025-07-22 15:34:23
JUL_22_5,55.61,1941,2025-07-22 15:34:25
JUL_22_5,55.61,1942,2025-07-22 15:34:26
JUL_22_5,55.77,1943,2025-07-22 15:34:29
JUL_22_5,55.61,1944,2025-07-22 15:34:30
JUL_22_5,55.61,1945,2025-07-22 15:34:33
JUL_22_5,55.61,1946,2025-07-22 15:34:35
JUL_22_5,55.61,1947,2025-07-22 15:34:37
JUL_22_5,55.55,1948,2025-07-22 15:34:38
JUL_22_5,55.55,1949,2025-07-22 15:34:41
JUL_22_5,55.61,1950,2025-07-22 15:34:43
JUL_22_5,55.69,1951,2025-07-22 15:34:45
JUL_22_5,55.67,1952,2025-07-22 15:34:47
JUL_22_5,55.69,1953,2025-07-22 15:34:49
JUL_22_5,55.75,1954,2025-07-22 15:34:51
JUL_22_5,55.55,1955,2025-07-22 15:34:53
JUL_22_5,55.55,1956,2025-07-22 15:34:55
JUL_22_5,55.53,1957,2025-07-22 15:34:57
JUL_22_5,55.55,1958,2025-07-22 15:34:59
JUL_22_5,55.53,1959,2025-07-22 15:35:01
JUL_22_5,55.67,1960,2025-07-22 15:35:03
JUL_22_5,55.69,1961,2025-07-22 15:35:05
JUL_22_5,55.69,1962,2025-07-22 15:35:07
JUL_22_5,55.83,1963,2025-07-22 15:35:09
JUL_22_5,55.53,1964,2025-07-22 15:35:11
JUL_22_5,55.83,1965,2025-07-22 15:35:13
JUL_22_5,55.81,1966,2025-07-22 15:35:15
JUL_22_5,55.67,1967,2025-07-22 15:35:17
JUL_22_5,55.75,1968,2025-07-22 15:35:19
JUL_22_5,55.67,1969,2025-07-22 15:35:21
JUL_22_5,55.69,1970,2025-07-22 15:35:23
JUL_22_5,55.53,1971,2025-07-22 15:35:25
JUL_22_5,55.53,1972,2025-07-22 15:35:27
JUL_22_5,55.55,1973,2025-07-22 15:35:29
JUL_22_5,55.55,1974,2025-07-22 15:35:31
JUL_22_5,55.61,1975,2025-07-22 15:35:33
JUL_22_5,55.61,1976,2025-07-22 15:35:35
JUL_22_5,55.61,1977,2025-07-22 15:35:37
JUL_22_5,55.61,1978,2025-07-22 15:35:39
JUL_22_5,55.47,1979,2025-07-22 15:35:41
JUL_22_5,55.61,1980,2025-07-22 15:35:43
JUL_22_5,55.47,1981,2025-07-22 15:35:45
JUL_22_5,55.61,1982,2025-07-22 15:35:47
JUL_22_5,55.75,1983,2025-07-22 15:35:49
JUL_22_5,55.61,1984,2025-07-22 15:35:51
JUL_22_5,55.69,1985,2025-07-22 15:35:53
JUL_22_5,55.61,1986,2025-07-22 15:35:55
JUL_22_5,55.55,1987,2025-07-22 15:35:57
JUL_22_5,55.56,1988,2025-07-22 15:35:59
JUL_22_5,55.55,1989,2025-07-22 15:36:01
JUL_22_5,55.53,1990,2025-07-22 15:36:03
JUL_22_5,55.61,1991,2025-07-22 15:36:05
JUL_22_7,56.46,1992,2025-07-22 16:18:21
JUL_22_7,56.24,1993,2025-07-22 16:18:23
JUL_22_7,56.46,1994,2025-07-22 16:18:25
JUL_22_7,56.46,1995,2025-07-22 16:18:27
JUL_22_7,56.38,1996,2025-07-22 16:18:29
JUL_22_7,56.41,1997,2025-07-22 16:18:31
JUL_22_7,56.39,1998,2025-07-22 16:18:33
JUL_22_7,56.39,1999,2025-07-22 16:18:35
JUL_22_7,56.39,2000,2025-07-22 16:18:37
JUL_22_7,56.39,2001,2025-07-22 16:18:39
JUL_22_7,56.32,2002,2025-07-22 16:18:41
JUL_22_7,56.32,2003,2025-07-22 16:18:43
JUL_22_7,56.32,2004,2025-07-22 16:18:45
JUL_22_7,56.32,2005,2025-07-22 16:18:48
JUL_22_7,56.32,2006,2025-07-22 16:18:49
JUL_22_7,56.32,2007,2025-07-22 16:18:51
JUL_22_7,56.32,2008,2025-07-22 16:18:53
JUL_22_7,56.32,2009,2025-07-22 16:18:55
JUL_22_7,56.32,2010,2025-07-22 16:18:57
JUL_22_7,56.32,2011,2025-07-22 16:18:59
JUL_22_7,56.24,2012,2025-07-22 16:19:01
JUL_22_7,56.32,2013,2025-07-22 16:19:03
JUL_22_7,56.17,2014,2025-07-22 16:19:05
JUL_22_7,56.17,2015,2025-07-22 16:19:07
JUL_22_7,56.46,2016,2025-07-22 16:19:09
JUL_22_7,56.24,2017,2025-07-22 16:19:11
JUL_22_7,56.46,2018,2025-07-22 16:19:13
JUL_22_7,56.24,2019,2025-07-22 16:19:15
JUL_22_7,56.25,2020,2025-07-22 16:19:17
JUL_22_7,56.24,2021,2025-07-22 16:19:19
JUL_22_7,56.24,2022,2025-07-22 16:19:21
JUL_22_7,56.32,2023,2025-07-22 16:19:23
JUL_22_7,56.32,2024,2025-07-22 16:19:25
JUL_22_7,56.32,2025,2025-07-22 16:19:27
JUL_22_7,56.32,2026,2025-07-22 16:19:29
JUL_22_7,56.36,2027,2025-07-22 16:19:31
JUL_22_7,56.46,2028,2025-07-22 16:19:33
JUL_22_7,56.24,2029,2025-07-22 16:19:35
JUL_22_7,56.46,2030,2025-07-22 16:19:37
JUL_22_7,56.25,2031,2025-07-22 16:19:39
JUL_22_7,56.32,2032,2025-07-22 16:19:42
JUL_22_7,56.32,2033,2025-07-22 16:19:43
JUL_22_7,56.32,2034,2025-07-22 16:19:46
JUL_22_7,56.32,2035,2025-07-22 16:19:47
JUL_22_7,56.32,2036,2025-07-22 16:19:49
JUL_22_7,56.32,2037,2025-07-22 16:19:51
JUL_22_7,56.32,2038,2025-07-22 16:19:53
JUL_22_7,56.32,2039,2025-07-22 16:19:55
JUL_22_7,56.32,2040,2025-07-22 16:19:57
JUL_22_7,56.17,2041,2025-07-22 16:19:59
JUL_22_7,56.32,2042,2025-07-22 16:20:01
JUL_22_7,56.17,2043,2025-07-22 16:20:03
JUL_22_7,56.32,2044,2025-07-22 16:20:05
JUL_22_7,56.32,2045,2025-07-22 16:20:07
JUL_22_7,56.32,2046,2025-07-22 16:20:09
JUL_22_7,56.39,2047,2025-07-22 16:20:11
JUL_22_7,56.32,2048,2025-07-22 16:20:14
JUL_22_7,56.32,2049,2025-07-22 16:20:15
JUL_22_7,56.32,2050,2025-07-22 16:20:18
JUL_22_7,56.24,2051,2025-07-22 16:20:19
JUL_22_7,56.32,2052,2025-07-22 16:20:21
JUL_22_7,56.24,2053,2025-07-22 16:20:23
JUL_22_7,56.24,2054,2025-07-22 16:20:26
JUL_22_7,56.24,2055,2025-07-22 16:20:27
JUL_22_7,56.24,2056,2025-07-22 16:20:29
JUL_22_7,56.3,2057,2025-07-22 16:20:31
JUL_22_7,56.24,2058,2025-07-22 16:20:33
JUL_22_7,56.24,2059,2025-07-22 16:20:35
JUL_22_7,56.32,2060,2025-07-22 16:20:38
JUL_22_7,56.17,2061,2025-07-22 16:20:39
JUL_22_7,56.32,2062,2025-07-22 16:20:42
JUL_22_7,56.39,2063,2025-07-22 16:20:43
JUL_22_7,56.39,2064,2025-07-22 16:20:46
JUL_22_7,56.32,2065,2025-07-22 16:20:48
JUL_22_7,56.39,2066,2025-07-22 16:20:49
JUL_22_7,56.39,2067,2025-07-22 16:20:51
JUL_22_7,56.24,2068,2025-07-22 16:20:54
JUL_22_7,56.24,2069,2025-07-22 16:20:56
JUL_22_7,56.24,2070,2025-07-22 16:20:58
JUL_22_7,56.24,2071,2025-07-22 16:20:59
JUL_22_7,56.24,2072,2025-07-22 16:21:02
JUL_22_7,56.54,2073,2025-07-22 16:21:04
JUL_22_7,56.24,2074,2025-07-22 16:21:06
JUL_22_7,56.39,2075,2025-07-22 16:21:08
JUL_22_7,56.39,2076,2025-07-22 16:21:09
JUL_22_7,56.32,2077,2025-07-22 16:21:12
JUL_22_7,56.32,2078,2025-07-22 16:21:14
JUL_22_7,56.32,2079,2025-07-22 16:21:16
JUL_22_7,56.17,2080,2025-07-22 16:21:18
JUL_22_7,56.24,2081,2025-07-22 16:21:19
JUL_22_7,56.39,2082,2025-07-22 16:21:22
JUL_22_7,56.32,2083,2025-07-22 16:21:24
JUL_22_7,56.32,2084,2025-07-22 16:21:25
JUL_22_7,56.39,2085,2025-07-22 16:21:28
JUL_22_7,56.39,2086,2025-07-22 16:21:29
JUL_22_7,56.38,2087,2025-07-22 16:21:32
JUL_22_7,56.39,2088,2025-07-22 16:21:34
JUL_22_7,56.39,2089,2025-07-22 16:21:36
JUL_22_7,56.1,2090,2025-07-22 16:21:38
JUL_22_7,56.24,2091,2025-07-22 16:21:39
JUL_22_7,56.46,2092,2025-07-22 16:21:42
JUL_22_7,56.46,2093,2025-07-22 16:21:44
JUL_22_7,56.25,2094,2025-07-22 16:21:46
JUL_22_7,56.32,2095,2025-07-22 16:21:48
JUL_22_7,56.32,2096,2025-07-22 16:21:49
JUL_22_7,56.16,2097,2025-07-22 16:21:52
JUL_22_7,56.24,2098,2025-07-22 16:21:54
JUL_22_7,56.24,2099,2025-07-22 16:21:56
JUL_22_7,56.17,2100,2025-07-22 16:21:58
JUL_22_7,56.24,2101,2025-07-22 16:22:00
JUL_22_7,56.24,2102,2025-07-22 16:22:02
JUL_22_7,56.17,2103,2025-07-22 16:22:04
JUL_22_7,56.17,2104,2025-07-22 16:22:06
JUL_22_7,56.25,2105,2025-07-22 16:22:08
JUL_22_7,56.17,2106,2025-07-22 16:22:10
JUL_22_7,56.1,2107,2025-07-22 16:22:12
JUL_22_7,56.24,2108,2025-07-22 16:22:14
JUL_22_7,56.24,2109,2025-07-22 16:22:16
JUL_22_7,56.24,2110,2025-07-22 16:22:18
JUL_22_7,56.32,2111,2025-07-22 16:22:20
JUL_22_7,56.24,2112,2025-07-22 16:22:22
JUL_22_7,56.25,2113,2025-07-22 16:22:24
JUL_22_7,56.32,2114,2025-07-22 16:22:26
JUL_22_7,56.24,2115,2025-07-22 16:22:28
JUL_22_7,56.32,2116,2025-07-22 16:22:30
JUL_22_7,56.32,2117,2025-07-22 16:22:32
JUL_22_7,56.32,2118,2025-07-22 16:22:34
JUL_22_7,56.32,2119,2025-07-22 16:22:36
JUL_22_7,56.25,2120,2025-07-22 16:22:38
JUL_22_7,56.38,2121,2025-07-22 16:22:40
JUL_22_7,56.25,2122,2025-07-22 16:22:42
JUL_22_7,56.39,2123,2025-07-22 16:22:44
JUL_22_7,56.11,2124,2025-07-22 16:22:46
JUL_22_7,56.1,2125,2025-07-22 16:22:48
JUL_22_7,56.17,2126,2025-07-22 16:22:50
JUL_22_7,56.13,2127,2025-07-22 16:22:52
JUL_22_7,56.17,2128,2025-07-22 16:22:54
JUL_22_7,56.11,2129,2025-07-22 16:22:56
JUL_22_7,56.1,2130,2025-07-22 16:22:58
JUL_22_7,56.11,2131,2025-07-22 16:23:00
JUL_22_7,56.11,2132,2025-07-22 16:23:02
JUL_22_7,56.24,2133,2025-07-22 16:23:04
JUL_22_7,56.17,2134,2025-07-22 16:23:06
JUL_22_7,56.25,2135,2025-07-22 16:23:08
JUL_22_7,56.24,2136,2025-07-22 16:23:10
JUL_22_7,56.24,2137,2025-07-22 16:23:12
JUL_22_7,56.32,2138,2025-07-22 16:23:14
JUL_22_7,56.32,2139,2025-07-22 16:23:16
JUL_22_7,56.39,2140,2025-07-22 16:23:18
JUL_22_7,56.32,2141,2025-07-22 16:23:20
JUL_22_7,56.32,2142,2025-07-22 16:23:22
JUL_22_7,56.32,2143,2025-07-22 16:23:24
JUL_22_7,56.11,2144,2025-07-22 16:23:26
JUL_22_7,56.32,2145,2025-07-22 16:23:28
JUL_22_7,56.11,2146,2025-07-22 16:23:30
JUL_22_7,56.24,2147,2025-07-22 16:23:32
JUL_22_7,56.32,2148,2025-07-22 16:23:34
JUL_22_7,56.32,2149,2025-07-22 16:23:36
JUL_22_7,56.24,2150,2025-07-22 16:23:38
JUL_22_7,56.32,2151,2025-07-22 16:23:40
JUL_22_7,56.32,2152,2025-07-22 16:23:42
JUL_22_7,56.24,2153,2025-07-22 16:23:44
JUL_22_7,56.32,2154,2025-07-22 16:23:46
JUL_22_7,56.32,2155,2025-07-22 16:23:48
JUL_22_7,56.24,2156,2025-07-22 16:23:50
JUL_22_7,56.1,2157,2025-07-22 16:23:52
JUL_22_7,56.32,2158,2025-07-22 16:23:54
JUL_22_7,56.1,2159,2025-07-22 16:23:56
JUL_22_7,56.1,2160,2025-07-22 16:23:58
JUL_22_7,56.32,2161,2025-07-22 16:24:00
JUL_22_7,56.24,2162,2025-07-22 16:24:02
JUL_22_7,56.24,2163,2025-07-22 16:24:04
JUL_22_7,56.32,2164,2025-07-22 16:24:06
JUL_22_7,56.25,2165,2025-07-22 16:24:08
JUL_22_7,56.1,2166,2025-07-22 16:24:10
JUL_22_7,56.39,2167,2025-07-22 16:24:12
JUL_22_7,56.39,2168,2025-07-22 16:24:14
JUL_22_7,56.25,2169,2025-07-22 16:24:16
JUL_22_7,56.39,2170,2025-07-22 16:24:18
JUL_22_7,56.39,2171,2025-07-22 16:24:20
JUL_22_7,56.24,2172,2025-07-22 16:24:22
JUL_22_7,56.39,2173,2025-07-22 16:24:24
JUL_22_7,56.39,2174,2025-07-22 16:24:26
JUL_22_7,56.32,2175,2025-07-22 16:24:28
JUL_22_7,56.32,2176,2025-07-22 16:24:30
JUL_22_7,56.32,2177,2025-07-22 16:24:32
JUL_22_7,56.32,2178,2025-07-22 16:24:34
JUL_22_7,56.39,2179,2025-07-22 16:24:36
JUL_22_7,56.24,2180,2025-07-22 16:24:38
JUL_22_7,56.39,2181,2025-07-22 16:24:40
JUL_22_7,56.24,2182,2025-07-22 16:24:42
JUL_22_7,56.24,2183,2025-07-22 16:24:44
JUL_22_7,56.24,2184,2025-07-22 16:24:46
JUL_22_7,56.24,2185,2025-07-22 16:24:48
JUL_22_7,56.24,2186,2025-07-22 16:24:50
JUL_22_7,56.24,2187,2025-07-22 16:24:53
JUL_22_7,56.24,2188,2025-07-22 16:24:54
JUL_22_7,56.24,2189,2025-07-22 16:24:56
JUL_22_7,56.25,2190,2025-07-22 16:24:58
JUL_22_7,56.32,2191,2025-07-22 16:25:00
JUL_22_7,56.39,2192,2025-07-22 16:25:02
JUL_22_7,56.39,2193,2025-07-22 16:25:04
JUL_22_7,56.24,2194,2025-07-22 16:25:06
JUL_22_7,56.32,2195,2025-07-22 16:25:08
JUL_22_7,56.24,2196,2025-07-22 16:25:10
JUL_22_7,56.32,2197,2025-07-22 16:25:12
JUL_22_7,56.32,2198,2025-07-22 16:25:14
JUL_22_7,56.24,2199,2025-07-22 16:25:16
JUL_22_7,56.24,2200,2025-07-22 16:25:18
JUL_22_7,56.24,2201,2025-07-22 16:25:20
JUL_22_7,56.24,2202,2025-07-22 16:25:22
JUL_22_7,56.24,2203,2025-07-22 16:25:24
JUL_22_7,56.25,2204,2025-07-22 16:25:26
JUL_22_7,56.24,2205,2025-07-22 16:25:28
JUL_22_7,56.19,2206,2025-07-22 16:25:30
JUL_22_7,56.24,2207,2025-07-22 16:25:32
JUL_22_7,56.25,2208,2025-07-22 16:25:34
JUL_22_7,56.24,2209,2025-07-22 16:25:36
JUL_22_7,56.25,2210,2025-07-22 16:25:38
JUL_22_7,56.25,2211,2025-07-22 16:25:40
JUL_22_7,56.32,2212,2025-07-22 16:25:42
JUL_22_7,56.24,2213,2025-07-22 16:25:44
JUL_22_7,56.32,2214,2025-07-22 16:25:46
JUL_22_7,56.32,2215,2025-07-22 16:25:48
JUL_22_7,56.32,2216,2025-07-22 16:25:50
JUL_22_7,56.54,2217,2025-07-22 16:25:52
JUL_22_7,56.54,2218,2025-07-22 16:25:54
JUL_22_7,56.11,2219,2025-07-22 16:25:57
JUL_22_7,56.54,2220,2025-07-22 16:25:59
JUL_22_7,56.39,2221,2025-07-22 16:26:00
JUL_22_7,56.17,2222,2025-07-22 16:26:03
JUL_22_7,56.39,2223,2025-07-22 16:26:04
JUL_22_7,56.39,2224,2025-07-22 16:26:06
JUL_22_7,56.17,2225,2025-07-22 16:26:08
JUL_22_7,56.39,2226,2025-07-22 16:26:10
JUL_22_7,56.39,2227,2025-07-22 16:26:12
JUL_22_7,56.1,2228,2025-07-22 16:26:14
JUL_22_7,56.39,2229,2025-07-22 16:26:16
JUL_22_7,56.24,2230,2025-07-22 16:26:18
JUL_22_7,56.1,2231,2025-07-22 16:26:20
JUL_22_7,56.24,2232,2025-07-22 16:26:23
JUL_22_7,56.25,2233,2025-07-22 16:26:24
JUL_22_7,56.24,2234,2025-07-22 16:26:27
JUL_22_7,56.32,2235,2025-07-22 16:26:29
JUL_22_7,56.24,2236,2025-07-22 16:26:30
JUL_22_7,56.32,2237,2025-07-22 16:26:33
JUL_22_7,56.32,2238,2025-07-22 16:26:35
JUL_22_7,56.11,2239,2025-07-22 16:26:36
JUL_22_7,56.32,2240,2025-07-22 16:26:38
JUL_22_7,56.1,2241,2025-07-22 16:26:40
JUL_22_7,56.25,2242,2025-07-22 16:26:43
JUL_22_7,56.32,2243,2025-07-22 16:26:45
JUL_22_7,56.17,2244,2025-07-22 16:26:47
JUL_22_7,56.24,2245,2025-07-22 16:26:49
JUL_22_7,56.46,2246,2025-07-22 16:26:50
JUL_22_7,56.17,2247,2025-07-22 16:26:53
JUL_22_7,56.46,2248,2025-07-22 16:26:55
JUL_22_7,56.39,2249,2025-07-22 16:26:57
JUL_22_7,56.32,2250,2025-07-22 16:26:59
JUL_22_7,56.39,2251,2025-07-22 16:27:00
JUL_22_7,56.32,2252,2025-07-22 16:27:02
JUL_22_7,56.32,2253,2025-07-22 16:27:05
JUL_22_7,56.39,2254,2025-07-22 16:27:07
JUL_22_7,56.27,2255,2025-07-22 16:27:09
JUL_22_7,56.39,2256,2025-07-22 16:27:10
JUL_22_7,56.25,2257,2025-07-22 16:27:13
JUL_22_7,56.17,2258,2025-07-22 16:27:15
JUL_22_7,56.32,2259,2025-07-22 16:27:16
JUL_22_7,56.24,2260,2025-07-22 16:27:19
JUL_22_7,56.32,2261,2025-07-22 16:27:21
JUL_22_7,56.39,2262,2025-07-22 16:27:23
JUL_22_7,56.25,2263,2025-07-22 16:27:25
JUL_22_7,56.39,2264,2025-07-22 16:27:27
JUL_22_7,56.32,2265,2025-07-22 16:27:29
JUL_22_7,56.24,2266,2025-07-22 16:27:31
JUL_22_7,56.46,2267,2025-07-22 16:27:33
JUL_22_7,56.32,2268,2025-07-22 16:27:35
JUL_22_7,56.24,2269,2025-07-22 16:27:37
JUL_22_7,56.39,2270,2025-07-22 16:27:39
JUL_22_7,56.24,2271,2025-07-22 16:27:41
JUL_22_7,56.32,2272,2025-07-22 16:27:43
JUL_22_7,56.46,2273,2025-07-22 16:27:45
JUL_22_7,56.32,2274,2025-07-22 16:27:47
JUL_22_7,56.46,2275,2025-07-22 16:27:49
JUL_22_7,56.24,2276,2025-07-22 16:27:51
JUL_22_7,56.17,2277,2025-07-22 16:27:53
JUL_22_7,56.32,2278,2025-07-22 16:27:55
JUL_22_7,56.17,2279,2025-07-22 16:27:57
JUL_22_7,56.25,2280,2025-07-22 16:27:59
JUL_22_7,56.32,2281,2025-07-22 16:28:01
JUL_22_7,56.25,2282,2025-07-22 16:28:03
JUL_22_7,56.32,2283,2025-07-22 16:28:05
JUL_22_7,56.32,2284,2025-07-22 16:28:07
JUL_22_7,56.17,2285,2025-07-22 16:28:09
JUL_22_7,56.46,2286,2025-07-22 16:28:11
JUL_22_7,56.17,2287,2025-07-22 16:28:13
JUL_22_7,56.1,2288,2025-07-22 16:28:15
JUL_22_7,56.32,2289,2025-07-22 16:28:17
JUL_22_7,56.11,2290,2025-07-22 16:28:19
JUL_22_7,56.17,2291,2025-07-22 16:28:21
JUL_22_7,56.32,2292,2025-07-22 16:28:23
JUL_22_7,56.17,2293,2025-07-22 16:28:25
JUL_22_7,56.17,2294,2025-07-22 16:28:27
JUL_22_7,56.17,2295,2025-07-22 16:28:29
JUL_22_7,56.17,2296,2025-07-22 16:28:31
JUL_22_7,56.25,2297,2025-07-22 16:28:33
JUL_22_7,56.24,2298,2025-07-22 16:28:35
JUL_22_7,56.32,2299,2025-07-22 16:28:37
JUL_22_7,56.32,2300,2025-07-22 16:28:39
JUL_22_7,56.32,2301,2025-07-22 16:28:41
JUL_22_7,56.32,2302,2025-07-22 16:28:43
JUL_22_7,56.17,2303,2025-07-22 16:28:45
JUL_22_7,56.3,2304,2025-07-22 16:28:47
JUL_22_7,56.25,2305,2025-07-22 16:28:49
JUL_22_7,56.17,2306,2025-07-22 16:28:51
JUL_22_7,56.24,2307,2025-07-22 16:28:53
JUL_22_7,56.17,2308,2025-07-22 16:28:55
JUL_22_7,56.25,2309,2025-07-22 16:28:57
JUL_22_7,56.25,2310,2025-07-22 16:28:59
JUL_22_7,56.24,2311,2025-07-22 16:29:01
JUL_22_7,56.25,2312,2025-07-22 16:29:03
JUL_22_7,56.24,2313,2025-07-22 16:29:05
JUL_22_7,56.17,2314,2025-07-22 16:29:07
JUL_22_7,56.25,2315,2025-07-22 16:29:09
JUL_22_7,56.24,2316,2025-07-22 16:29:11
JUL_22_7,56.17,2317,2025-07-22 16:29:13
JUL_22_7,56.24,2318,2025-07-22 16:29:15
JUL_22_7,56.17,2319,2025-07-22 16:29:17
JUL_22_7,56.32,2320,2025-07-22 16:29:19
JUL_22_7,56.32,2321,2025-07-22 16:29:21
JUL_22_7,56.11,2322,2025-07-22 16:29:23
JUL_22_7,56.1,2323,2025-07-22 16:29:25
JUL_22_7,56.1,2324,2025-07-22 16:29:27
JUL_22_7,56.17,2325,2025-07-22 16:29:29
JUL_22_7,56.17,2326,2025-07-22 16:29:31
JUL_22_7,56.17,2327,2025-07-22 16:29:33
JUL_22_7,56.11,2328,2025-07-22 16:29:35
JUL_22_7,56.11,2329,2025-07-22 16:29:37
JUL_22_7,56.17,2330,2025-07-22 16:29:39
JUL_22_7,56.17,2331,2025-07-22 16:29:41
JUL_22_7,56.17,2332,2025-07-22 16:29:43
JUL_22_7,56.17,2333,2025-07-22 16:29:45
JUL_22_7,56.24,2334,2025-07-22 16:29:47
JUL_22_7,56.32,2335,2025-07-22 16:29:49
JUL_22_7,56.11,2336,2025-07-22 16:29:51
JUL_22_7,56.32,2337,2025-07-22 16:29:53
JUL_22_7,56.11,2338,2025-07-22 16:29:55
JUL_22_7,56.24,2339,2025-07-22 16:29:57
JUL_22_7,56.24,2340,2025-07-22 16:29:59
JUL_22_7,56.17,2341,2025-07-22 16:30:01
JUL_22_7,56.17,2342,2025-07-22 16:30:03
JUL_22_7,56.17,2343,2025-07-22 16:30:05
JUL_22_7,56.25,2344,2025-07-22 16:30:07
JUL_22_7,56.24,2345,2025-07-22 16:30:09
JUL_22_7,56.25,2346,2025-07-22 16:30:11
JUL_22_7,56.32,2347,2025-07-22 16:30:13
JUL_22_7,56.17,2348,2025-07-22 16:30:15
JUL_22_7,56.32,2349,2025-07-22 16:30:17
JUL_22_7,56.32,2350,2025-07-22 16:30:19
JUL_22_7,56.32,2351,2025-07-22 16:30:21
JUL_22_7,56.39,2352,2025-07-22 16:30:23
JUL_22_7,56.24,2353,2025-07-22 16:30:25
JUL_22_7,56.39,2354,2025-07-22 16:30:27
JUL_22_7,56.25,2355,2025-07-22 16:30:29
JUL_22_7,56.24,2356,2025-07-22 16:30:31
JUL_22_7,56.24,2357,2025-07-22 16:30:33
JUL_22_7,56.24,2358,2025-07-22 16:30:35
JUL_22_7,56.32,2359,2025-07-22 16:30:37
JUL_22_7,56.32,2360,2025-07-22 16:30:39
JUL_22_7,56.32,2361,2025-07-22 16:30:41
JUL_22_7,56.25,2362,2025-07-22 16:30:44
JUL_22_7,56.17,2363,2025-07-22 16:30:45
JUL_22_7,56.25,2364,2025-07-22 16:30:47
JUL_22_7,56.25,2365,2025-07-22 16:30:49
JUL_22_7,56.32,2366,2025-07-22 16:30:51
JUL_22_7,56.39,2367,2025-07-22 16:30:53
JUL_22_7,56.32,2368,2025-07-22 16:30:55
JUL_22_7,56.32,2369,2025-07-22 16:30:57
JUL_22_7,56.32,2370,2025-07-22 16:30:59
JUL_22_7,56.32,2371,2025-07-22 16:31:01
JUL_22_7,56.25,2372,2025-07-22 16:31:03
JUL_22_7,56.03,2373,2025-07-22 16:31:05
JUL_22_7,56.24,2374,2025-07-22 16:31:07
JUL_22_7,56.03,2375,2025-07-22 16:31:09
JUL_22_7,56.11,2376,2025-07-22 16:31:11
JUL_22_7,56.11,2377,2025-07-22 16:31:13
JUL_22_7,56.11,2378,2025-07-22 16:31:15
JUL_22_7,56.25,2379,2025-07-22 16:31:18
JUL_22_7,56.17,2380,2025-07-22 16:31:19
JUL_22_7,56.24,2381,2025-07-22 16:31:21
JUL_22_7,56.17,2382,2025-07-22 16:31:23
JUL_22_7,56.28,2383,2025-07-22 16:31:25
JUL_22_7,56.32,2384,2025-07-22 16:31:28
JUL_22_7,56.1,2385,2025-07-22 16:31:29
JUL_22_7,56.32,2386,2025-07-22 16:31:31
JUL_22_7,56.11,2387,2025-07-22 16:31:33
JUL_22_7,56.17,2388,2025-07-22 16:31:36
JUL_22_7,56.24,2389,2025-07-22 16:31:37
JUL_22_7,56.17,2390,2025-07-22 16:31:39
JUL_22_7,56.17,2391,2025-07-22 16:31:41
JUL_22_7,56.17,2392,2025-07-22 16:31:43
JUL_22_7,56.1,2393,2025-07-22 16:31:45
JUL_22_7,56.17,2394,2025-07-22 16:31:47
JUL_22_7,56.11,2395,2025-07-22 16:31:49
JUL_22_7,56.25,2396,2025-07-22 16:31:51
JUL_22_7,56.32,2397,2025-07-22 16:31:54
JUL_22_7,56.13,2398,2025-07-22 16:31:56
JUL_22_7,56.17,2399,2025-07-22 16:31:58
JUL_22_7,56.17,2400,2025-07-22 16:31:59
JUL_22_7,55.97,2401,2025-07-22 16:32:01
JUL_22_7,56.17,2402,2025-07-22 16:32:04
JUL_22_7,56.39,2403,2025-07-22 16:32:06
JUL_22_7,56.11,2404,2025-07-22 16:32:08
JUL_22_7,56.1,2405,2025-07-22 16:32:09
JUL_22_7,56.17,2406,2025-07-22 16:32:12
JUL_22_7,56.17,2407,2025-07-22 16:32:14
JUL_22_7,56.17,2408,2025-07-22 16:32:16
JUL_22_7,56.19,2409,2025-07-22 16:32:18
JUL_22_7,56.25,2410,2025-07-22 16:32:19
JUL_22_7,56.11,2411,2025-07-22 16:32:22
JUL_22_7,56.11,2412,2025-07-22 16:32:24
JUL_22_7,56.11,2413,2025-07-22 16:32:25
JUL_22_7,56.11,2414,2025-07-22 16:32:27
JUL_22_7,56.11,2415,2025-07-22 16:32:30
JUL_22_7,56.11,2416,2025-07-22 16:32:32
JUL_22_7,56.11,2417,2025-07-22 16:32:33
JUL_22_7,56.1,2418,2025-07-22 16:32:36
JUL_22_7,56.11,2419,2025-07-22 16:32:38
JUL_22_7,56.1,2420,2025-07-22 16:32:40
JUL_22_7,56.1,2421,2025-07-22 16:32:41
JUL_22_7,56.1,2422,2025-07-22 16:32:44
JUL_22_7,56.32,2423,2025-07-22 16:32:46
JUL_22_7,56.32,2424,2025-07-22 16:32:48
JUL_22_7,56.32,2425,2025-07-22 16:32:50
JUL_22_7,56.32,2426,2025-07-22 16:32:52
JUL_22_7,56.24,2427,2025-07-22 16:32:54
JUL_22_7,56.25,2428,2025-07-22 16:32:56
JUL_22_7,56.25,2429,2025-07-22 16:32:58
JUL_22_7,56.24,2430,2025-07-22 16:33:00
JUL_22_7,56.03,2431,2025-07-22 16:33:02
JUL_22_7,56.17,2432,2025-07-22 16:33:04
JUL_22_7,56.17,2433,2025-07-22 16:33:06
JUL_22_7,56.17,2434,2025-07-22 16:33:08
JUL_22_7,56.17,2435,2025-07-22 16:33:10
JUL_22_7,56.11,2436,2025-07-22 16:33:12
JUL_22_7,56.1,2437,2025-07-22 16:33:14
JUL_22_7,56.11,2438,2025-07-22 16:33:16
JUL_22_7,56.1,2439,2025-07-22 16:33:18
JUL_22_7,56.11,2440,2025-07-22 16:33:20
JUL_22_7,56.11,2441,2025-07-22 16:33:22
JUL_22_7,56.11,2442,2025-07-22 16:33:24
JUL_22_7,56.11,2443,2025-07-22 16:33:26
JUL_22_7,56.17,2444,2025-07-22 16:33:28
JUL_22_7,56.17,2445,2025-07-22 16:33:30
JUL_22_7,56.17,2446,2025-07-22 16:33:32
JUL_22_7,56.17,2447,2025-07-22 16:33:34
JUL_22_7,56.24,2448,2025-07-22 16:33:36
JUL_22_7,56.24,2449,2025-07-22 16:33:38
JUL_22_7,56.24,2450,2025-07-22 16:33:40
JUL_22_7,56.25,2451,2025-07-22 16:33:42
JUL_22_7,56.17,2452,2025-07-22 16:33:44
JUL_22_7,56.17,2453,2025-07-22 16:33:46
JUL_22_7,56.17,2454,2025-07-22 16:33:48
JUL_22_7,56.17,2455,2025-07-22 16:33:50
JUL_22_7,56.25,2456,2025-07-22 16:33:52
JUL_22_7,56.24,2457,2025-07-22 16:33:54
JUL_22_7,56.1,2458,2025-07-22 16:33:56
JUL_22_7,56.25,2459,2025-07-22 16:33:58
JUL_22_7,56.39,2460,2025-07-22 16:34:00
JUL_22_7,56.25,2461,2025-07-22 16:34:02
JUL_22_7,56.25,2462,2025-07-22 16:34:04
JUL_22_7,56.24,2463,2025-07-22 16:34:06
JUL_22_7,56.25,2464,2025-07-22 16:34:08
JUL_22_7,56.17,2465,2025-07-22 16:34:10
JUL_22_7,56.25,2466,2025-07-22 16:34:12
JUL_22_7,56.11,2467,2025-07-22 16:34:14
JUL_22_7,56.03,2468,2025-07-22 16:34:16
JUL_22_7,56.25,2469,2025-07-22 16:34:18
JUL_22_7,56.03,2470,2025-07-22 16:34:20
JUL_22_7,56.25,2471,2025-07-22 16:34:22
JUL_22_7,56.39,2472,2025-07-22 16:34:24
JUL_22_7,56.11,2473,2025-07-22 16:34:26
JUL_22_7,56.38,2474,2025-07-22 16:34:28
JUL_22_7,56.11,2475,2025-07-22 16:34:30
JUL_22_7,56.03,2476,2025-07-22 16:34:32
JUL_22_7,56.32,2477,2025-07-22 16:34:34
JUL_22_7,56.03,2478,2025-07-22 16:34:36
JUL_22_7,56.24,2479,2025-07-22 16:34:38
JUL_22_7,56.24,2480,2025-07-22 16:34:40
JUL_22_7,56.17,2481,2025-07-22 16:34:42
JUL_22_7,56.24,2482,2025-07-22 16:34:44
JUL_22_7,56.17,2483,2025-07-22 16:34:46
JUL_22_7,56.17,2484,2025-07-22 16:34:48
JUL_22_7,56.17,2485,2025-07-22 16:34:50
JUL_22_7,56.03,2486,2025-07-22 16:34:52
JUL_22_7,56.17,2487,2025-07-22 16:34:54
JUL_22_7,56.17,2488,2025-07-22 16:34:56
JUL_22_7,56.03,2489,2025-07-22 16:34:58
